ANNEE,MOIS,SEMAINE,JOUR,DATE,PREVISION_BUDGET_FRAIS,REALISE_TOTAL_FRAIS,NB_HEURES_TOTAL_FRAIS,OBJECTIF_PROD_FRAIS,PREVISION_BUDGET_GEL,REALISE_TOTAL_GEL,NB_HEURES_TOTAL_GEL,OBJECTIF_PROD_GEL,PREVISION_BUDGET_FFL,REALISE_TOTAL_FFL,NB_HEURE_PREPARATION_FFL,OBJECTIF_PROD_FFL,REALISE_GEL_EXP,REALISE_FLF_EXP,REALISE_HGE_EXP,REALISE_MECA_EXP,TOTAL_EXPE_EXP,NB_HEURE_EXP,OBJECTIF_PROD_EXP,colIndex,dernier_jour_ferie,prochain_jour_ferie
2020,3,10,lun,2020-03-02,75805.0,76883.0,508.19,209.0,12769.0,11240.0,100.96,130.0,16500.0,18029.0,143.46,150.0,572.7972972972973,912.5135135135135,312.9054054054054,2010.1081081081081,3829.0,204.17,36.0,,61,42
2020,3,10,mar,2020-03-03,108111.0,102118.0,593.55,209.0,14450.0,11438.0,97.78,130.0,14500.0,17120.0,125.82,150.0,566.4025974025974,741.8701298701299,291.4657534246575,1851.7532467532467,3875.0,196.56,36.0,1.0,62,41
2020,3,10,mer,2020-03-04,110822.0,102394.0,615.11,209.0,10417.0,12655.0,105.05,130.0,13500.0,16753.0,109.19,150.0,576.6973684210526,784.2236842105264,307.63157894736844,2286.815789473684,4269.0,223.23,36.0,2.0,63,40
2020,3,10,jeu,2020-03-05,108573.0,111387.0,612.33,209.0,10820.0,11251.0,103.95,130.0,19000.0,20926.0,156.3,150.0,565.418918918919,1004.8082191780821,300.0,1950.041095890411,4469.0,227.16,36.0,3.0,64,39
2020,3,10,ven,2020-03-06,99126.0,100346.0,590.2,209.0,8233.0,12324.0,98.0,130.0,23000.0,24503.0,177.42,150.0,544.6338888888889,1024.3729577464787,306.76056338028167,2394.2454929577466,4719.0,239.9,36.0,4.0,65,38
2020,3,10,sam,2020-03-07,81725.0,75824.0,452.27,209.0,10525.0,6773.0,80.24,130.0,14500.0,14823.0,110.49,150.0,296.636301369863,707.6416438356164,104.83098591549296,1611.9123287671234,3118.0,170.15,36.0,5.0,66,37
2020,3,11,lun,2020-03-09,73298.0,69729.0,535.18,209.0,12769.0,13650.0,126.54,130.0,16500.0,16217.0,111.04,150.0,572.7972972972973,912.5135135135135,312.9054054054054,2010.1081081081081,3702.0,226.46,36.0,7.0,68,35
2020,3,11,mar,2020-03-10,104122.0,95297.0,655.52,209.0,14450.0,14421.0,137.0,130.0,14500.0,14585.0,97.49,150.0,566.4025974025974,741.8701298701299,291.4657534246575,1851.7532467532467,3794.0,177.11,36.0,8.0,69,34
2020,3,11,mer,2020-03-11,104069.0,103492.0,699.38,209.0,10417.0,12773.0,112.69,130.0,13500.0,14949.0,105.38,150.0,576.6973684210526,784.2236842105264,307.63157894736844,2286.815789473684,4271.0,189.78,36.0,9.0,70,33
2020,3,11,jeu,2020-03-12,98291.0,102555.0,661.75,209.0,10820.0,13327.0,146.29,130.0,19000.0,20442.0,134.9,150.0,565.418918918919,1004.8082191780821,300.0,1950.041095890411,4243.0,195.33,36.0,10.0,71,32
2020,3,11,ven,2020-03-13,101554.0,93279.0,652.72,209.0,8233.0,12325.0,124.4,130.0,23000.0,27477.0,177.89,150.0,544.6338888888889,1024.3729577464787,306.76056338028167,2394.2454929577466,4504.0,188.6,36.0,11.0,72,31
2020,3,11,sam,2020-03-14,78031.0,96790.0,607.1,209.0,10525.0,9032.0,94.52,130.0,14500.0,22528.0,131.46,150.0,296.636301369863,707.6416438356164,104.83098591549296,1611.9123287671234,3478.0,155.37,36.0,12.0,73,30
2020,3,12,lun,2020-03-16,72001.0,104778.0,644.05,209.0,12769.0,17247.0,122.0,130.0,18000.0,19916.0,135.41,150.0,572.7972972972973,912.5135135135135,312.9054054054054,2010.1081081081081,4545.0,209.64,36.0,14.0,75,28
2020,3,12,mar,2020-03-17,94961.0,113952.0,681.8,209.0,14450.0,14023.0,128.92,130.0,17000.0,16600.0,104.66,150.0,566.4025974025974,741.8701298701299,291.4657534246575,1851.7532467532467,4483.0,252.03,36.0,15.0,76,27
2020,3,12,mer,2020-03-18,95655.0,111478.0,703.29,209.0,10417.0,13416.0,129.45,130.0,16500.0,18234.0,123.35,150.0,576.6973684210526,784.2236842105264,307.63157894736844,2286.815789473684,4780.0,243.09,36.0,16.0,77,26
2020,3,12,jeu,2020-03-19,96486.0,98114.0,720.02,209.0,10820.0,11604.0,114.09,130.0,21000.0,15429.0,115.25,150.0,565.418918918919,1004.8082191780821,300.0,1950.041095890411,4348.0,237.64,36.0,17.0,78,25
2020,3,12,ven,2020-03-20,83138.0,59919.0,620.94,209.0,8233.0,13737.0,122.79,130.0,24500.0,17626.0,112.92,150.0,544.6338888888889,1024.3729577464787,306.76056338028167,2394.2454929577466,3483.0,221.45,36.0,18.0,79,24
2020,3,12,sam,2020-03-21,71380.0,97100.0,643.32,209.0,10525.0,7604.0,77.99,130.0,15000.0,16918.0,100.0,150.0,296.636301369863,707.6416438356164,104.83098591549296,1611.9123287671234,3663.0,204.8,36.0,19.0,80,23
2020,3,13,lun,2020-03-23,69192.0,92074.0,633.77,209.0,12769.0,13073.0,122.42,130.0,17500.0,19173.0,121.47,150.0,572.7972972972973,912.5135135135135,312.9054054054054,2010.1081081081081,4086.0,229.39,36.0,21.0,82,21
2020,3,13,mar,2020-03-24,92258.0,90676.0,609.47,209.0,14450.0,14444.0,131.87,130.0,16500.0,17643.0,123.63,150.0,566.4025974025974,741.8701298701299,291.4657534246575,1851.7532467532467,3954.0,261.51,36.0,22.0,83,20
2020,3,13,mer,2020-03-25,96920.0,99512.0,670.45,209.0,10417.0,12933.0,123.72,130.0,15500.0,18302.0,122.5,150.0,576.6973684210526,784.2236842105264,307.63157894736844,2286.815789473684,4412.0,264.04,36.0,23.0,84,19
2020,3,13,jeu,2020-03-26,96670.0,120951.0,701.49,209.0,10820.0,16512.0,139.39,130.0,20000.0,21885.0,143.58,150.0,565.418918918919,1004.8082191780821,300.0,1950.041095890411,4622.0,258.76,36.0,24.0,85,18
2020,3,13,ven,2020-03-27,85764.0,84187.0,625.5,209.0,8233.0,14157.0,148.35,130.0,23500.0,22758.0,146.62,150.0,544.6338888888889,1024.3729577464787,306.76056338028167,2394.2454929577466,4546.0,273.07,36.0,25.0,86,17
2020,3,13,sam,2020-03-28,71216.0,101807.0,633.88,209.0,10525.0,3720.0,29.0,130.0,15000.0,16733.0,113.5,150.0,296.636301369863,707.6416438356164,104.83098591549296,1611.9123287671234,3449.0,203.0,36.0,26.0,87,16
2020,3,14,lun,2020-03-30,67501.0,73819.0,539.44,182.0,11559.0,14180.0,139.97,125.0,,13194.0,90.29,150.0,624.0,598.0,259.0,1866.0,3477.0,273.92,36.0,,89,14
2020,3,14,mar,2020-03-31,102824.0,87908.0,571.97,182.0,13307.0,13698.0,144.45,125.0,,14105.0,92.71,150.0,543.0,669.0,204.0,1715.0,3640.0,257.3,36.0,1.0,90,13
2020,4,14,mer,2020-04-01,77566.0,83882.0,594.38,182.0,14819.0,18077.0,160.54,125.0,15664.0,16455.0,112.79,150.0,624.0,816.0,235.0,1942.0,4678.0,231.98,36.0,2.0,91,12
2020,4,14,jeu,2020-04-02,109268.0,117240.0,669.58,182.0,15260.0,16730.0,161.18,125.0,20341.0,20998.0,143.44,150.0,655.0,967.0,250.0,2278.0,4885.0,223.15,36.0,3.0,92,11
2020,4,14,ven,2020-04-03,68536.0,84206.0,570.3,182.0,10766.0,12423.0,128.2,125.0,28300.0,23811.0,147.41,150.0,497.0,1075.0,268.0,2173.0,4562.0,238.91,36.0,4.0,93,10
2020,4,14,sam,2020-04-04,69445.0,97120.0,552.83,182.0,9819.0,4699.0,34.5,125.0,14560.0,16294.0,106.8,150.0,226.0,922.0,97.0,1974.0,3298.0,179.81,36.0,5.0,94,9
2020,4,15,lun,2020-04-06,65775.0,79068.0,544.67,182.0,13808.0,17116.0,163.54,125.0,19651.0,16157.0,106.32,150.0,647.0,747.0,281.0,1982.0,4066.0,233.74,36.0,7.0,96,7
2020,4,15,mar,2020-04-07,97444.0,90096.0,587.01,182.0,15488.0,16668.0,156.0,125.0,16871.0,17976.0,114.48,150.0,630.0,792.0,250.0,1899.0,4055.0,310.91,36.0,8.0,97,6
2020,4,15,mer,2020-04-08,79466.0,96681.0,639.51,182.0,13618.0,18085.0,179.54,125.0,18444.0,18456.0,116.5,150.0,713.0,823.0,305.0,2417.0,4669.0,208.05,36.0,9.0,98,5
2020,4,15,jeu,2020-04-09,107286.0,104900.0,679.03,182.0,14143.0,18025.0,174.71,125.0,21757.0,25919.0,156.5,150.0,707.0,1188.0,287.0,2211.0,4932.0,206.67,36.0,10.0,99,4
2020,4,15,ven,2020-04-10,69721.0,124115.0,732.03,182.0,9583.0,15831.0,148.7,125.0,25922.0,30133.0,167.0,150.0,600.0,1330.0,314.0,2709.0,5476.0,221.97,36.0,11.0,100,3
2020,4,15,sam,2020-04-11,67480.0,83307.0,739.93,182.0,9363.0,12877.0,134.59,125.0,15664.0,18071.0,117.79,150.0,436.0,907.0,89.0,1736.0,3930.0,176.12,36.0,12.0,101,2
2020,4,16,mar,2020-04-14,66465.0,124199.0,659.28,182.0,13749.0,15790.0,174.8,125.0,14720.0,16679.0,110.36,150.0,642.0,806.0,261.0,2247.0,4042.0,243.59,36.0,15.0,1,17
2020,4,16,mer,2020-04-15,78077.0,85280.0,593.29,182.0,14648.0,16733.0,166.73,125.0,17175.0,23269.0,150.59,150.0,664.0,1113.0,251.0,1990.0,4462.0,230.13,36.0,16.0,2,16
2020,4,16,jeu,2020-04-16,93547.0,120027.0,689.87,182.0,13996.0,17157.0,172.21,125.0,18407.0,26253.0,169.51,150.0,663.0,1256.0,248.0,2286.0,4938.0,227.43,36.0,17.0,3,15
2020,4,16,ven,2020-04-17,75519.0,98425.0,641.97,182.0,9550.0,18245.0,157.45,125.0,29203.0,27250.0,173.22,150.0,683.0,1153.0,271.0,2421.0,4814.0,210.03,36.0,18.0,4,14
2020,4,16,sam,2020-04-18,92410.0,109571.0,626.43,182.0,11387.0,6762.0,57.53,125.0,19087.0,20667.0,131.38,150.0,328.0,901.0,90.0,2038.0,3813.0,163.0,36.0,19.0,5,13
2020,4,17,lun,2020-04-20,64995.0,85621.0,539.67,182.0,12114.0,17521.0,149.62,125.0,16812.0,15694.0,102.54,150.0,696.0,787.0,284.0,2077.0,3902.0,203.0,36.0,21.0,7,11
2020,4,17,mar,2020-04-21,90916.0,95625.0,589.35,182.0,13611.0,15674.0,161.9,125.0,15806.0,12815.0,88.98,150.0,614.0,565.0,233.0,1926.0,3704.0,181.93,36.0,22.0,8,10
2020,4,17,mer,2020-04-22,71963.0,94774.0,579.0,182.0,14310.0,13513.0,134.28,125.0,17380.0,17402.0,114.72,150.0,614.0,777.0,256.0,2272.0,4256.0,203.1,36.0,23.0,9,9
2020,4,17,jeu,2020-04-23,90964.0,108418.0,563.46,182.0,18208.0,12794.0,129.03,125.0,23626.0,21267.0,142.83,150.0,556.0,1003.0,248.0,2161.0,4284.0,203.88,36.0,24.0,10,8
2020,4,17,ven,2020-04-24,102999.0,77026.0,529.39,182.0,9560.0,12096.0,132.57,125.0,29944.0,26128.0,166.94,150.0,483.0,1100.0,276.0,2107.0,4297.0,204.67,36.0,25.0,11,7
2020,4,17,sam,2020-04-25,65385.0,93319.0,534.08,182.0,8185.0,7941.0,72.83,125.0,14741.0,21019.0,131.45,150.0,314.0,857.0,85.0,1987.0,3471.0,182.0,36.0,26.0,12,6
2020,4,18,lun,2020-04-27,66197.0,84562.0,322.32,182.0,18048.0,11637.0,105.38,115.0,18015.0,17697.0,120.53,144.92,459.0,815.0,300.0,1992.0,3625.0,231.77,36.0,,14,4
2020,4,18,mar,2020-04-28,92637.0,98237.0,386.81,182.0,18076.0,16512.0,142.89,115.0,16942.0,16240.0,131.82,144.92,601.0,764.0,271.0,1897.0,3911.0,225.91,36.0,1.0,15,3
2020,4,18,mer,2020-04-29,73311.0,125545.0,464.36,182.0,16313.0,18342.0,145.18,115.0,18614.0,22127.0,161.64,144.92,623.0,1099.0,291.0,2884.0,5261.0,227.56,36.0,2.0,16,2
2020,4,18,jeu,2020-04-30,92670.0,95643.0,333.89,182.0,18086.0,16291.0,127.51,115.0,25310.0,25234.0,167.5,144.92,565.418918918919,1140.0,251.0,1884.0,3503.0,233.46,36.0,3.0,17,1
2020,5,18,sam,2020-05-02,96300.0,92996.0,375.81,182.0,4873.0,13555.0,105.02,115.0,24619.0,20895.0,138.5,144.92,476.0,930.0,88.0,2023.0,3857.0,212.36,36.0,5.0,1,6
2020,5,19,lun,2020-05-04,83829.0,90384.0,557.03,182.0,16130.0,17145.0,138.43,115.0,25825.0,21183.0,141.4,144.92,590.0,1110.0,314.0,1996.0,4198.0,234.19,36.0,7.0,3,4
2020,5,19,mar,2020-05-05,95530.0,113937.0,608.31,182.0,16500.0,17746.0,156.0,115.0,22243.0,20862.0,141.26,144.92,610.0,906.0,269.0,2121.0,4580.0,203.61,36.0,8.0,4,3
2020,5,19,mer,2020-05-06,102511.0,136259.0,727.08,182.0,14896.0,20171.0,170.45,115.0,23486.0,26090.0,173.13,144.92,705.0,1157.0,352.0,2315.0,4770.0,221.81,36.0,9.0,5,2
2020,5,19,jeu,2020-05-07,111227.0,123610.0,711.9,182.0,16514.0,17085.0,149.07,115.0,29444.0,29010.0,160.35,144.92,576.0,1222.0,267.0,1177.0,3676.0,226.72,36.0,10.0,6,1
2020,5,19,sam,2020-05-09,88355.0,113931.0,651.31,182.0,4447.0,15923.0,139.62,115.0,22095.0,24641.0,153.38,144.92,542.0,1029.0,99.0,3937.0,5981.0,245.16,36.0,12.0,1,12
2020,5,20,lun,2020-05-11,89155.0,114846.0,571.33,182.0,13605.0,16884.0,148.4,115.0,24269.0,21274.0,155.33,144.92,617.0,964.0,299.0,2487.0,4417.0,216.61,36.0,14.0,3,10
2020,5,20,mar,2020-05-12,99613.0,94036.0,546.73,182.0,16628.0,15959.0,139.78,115.0,20901.0,17538.0,120.45,144.92,583.0,748.0,264.0,1878.0,3993.0,193.16,36.0,15.0,4,9
2020,5,20,mer,2020-05-13,98688.0,103289.0,587.45,182.0,14794.0,15054.0,136.11,115.0,22068.0,17390.0,118.26,144.92,579.0,702.0,276.0,2331.0,4318.0,189.75,36.0,16.0,5,8
2020,5,20,jeu,2020-05-14,112902.0,123245.0,590.2,182.0,16645.0,16773.0,142.32,115.0,27681.0,18951.0,132.42,144.92,671.0,803.0,276.0,2273.0,4588.0,189.69,36.0,17.0,6,7
2020,5,20,ven,2020-05-15,80199.0,93790.0,527.09,182.0,15852.0,16840.0,134.98,115.0,32024.0,24569.0,158.05,144.92,652.0,1057.0,272.0,2216.0,4552.0,180.81,36.0,18.0,7,6
2020,5,20,sam,2020-05-16,97186.0,84505.0,432.03,182.0,5080.0,5419.0,56.12,115.0,20768.0,19478.0,138.17,144.92,239.0,836.0,96.0,1507.0,3327.0,147.72,36.0,19.0,8,5
2020,5,21,lun,2020-05-18,92352.0,107701.0,554.3,182.0,17581.0,16191.0,125.7,115.0,21332.0,19323.0,134.24,144.92,589.0,959.0,279.0,2346.0,4206.0,140.33,36.0,21.0,10,3
2020,5,21,mar,2020-05-19,103137.0,126918.0,624.66,182.0,17608.0,17323.0,133.78,115.0,24495.0,24928.0,138.0,144.92,678.0,1090.0,299.0,2387.0,5171.0,149.01,36.0,22.0,11,2
2020,5,21,mer,2020-05-20,102222.0,114097.0,620.37,182.0,14036.0,17488.0,133.3,115.0,24114.0,24924.0,157.2,144.92,614.0,1029.0,311.0,2335.0,4646.0,144.53,36.0,23.0,12,1
2020,5,21,ven,2020-05-22,83107.0,119001.0,596.73,182.0,14270.0,16851.0,145.33,115.0,32484.0,29920.0,184.42,144.92,620.0,1146.0,305.0,2550.0,4631.0,111.31,36.0,25.0,1,10
2020,5,21,sam,2020-05-23,100682.0,93358.0,539.06,182.0,5342.0,7276.0,62.47,115.0,20680.0,22333.0,167.35,144.92,262.0,851.0,110.0,1806.0,3493.0,127.1,36.0,26.0,2,9
2020,5,22,lun,2020-05-25,89155.0,89304.0,449.11,182.0,17462.0,16873.0,139.68,115.0,21507.0,19919.0,128.91,144.92,622.0,766.0,305.0,1945.0,3818.0,188.84,36.0,28.0,4,7
2020,5,22,mar,2020-05-26,99613.0,93952.0,494.22,182.0,17487.0,18275.0,144.36,115.0,21418.0,15526.0,108.72,144.92,665.0,630.0,296.0,1745.0,3675.0,160.51,36.0,29.0,5,6
2020,5,22,mer,2020-05-27,98688.0,87257.0,534.35,182.0,13943.0,20192.0,159.15,115.0,17814.0,17196.0,113.86,144.92,740.0,721.0,303.0,1987.0,4091.0,179.45,36.0,30.0,6,5
2020,5,22,jeu,2020-05-28,112902.0,97772.0,526.2,182.0,15001.0,19227.0,145.25,115.0,26810.0,23499.0,156.38,144.92,690.0,1101.0,292.0,1891.0,4212.0,190.92,36.0,31.0,7,4
2020,5,22,ven,2020-05-29,80199.0,126498.0,617.42,182.0,13407.0,16709.0,143.26,115.0,29897.0,33511.0,193.5,144.92,637.64,1292.48,322.0,2762.43,5397.0,200.35,36.0,32.0,8,3
2020,5,22,sam,2020-05-30,97186.0,99427.0,564.77,182.0,5303.0,6723.0,50.42,115.0,20222.0,21472.0,152.83,144.92,254.45,848.84,107.0,1958.6,3444.0,158.16,36.0,33.0,9,2
2020,6,23,mar,2020-06-02,108914.0,100850.0,577.16,182.0,15108.0,15116.0,117.0,115.0,18236.0,23991.0,151.84,144.92,514.0,946.0,372.0,2166.0,4003.0,170.11,36.0,1.0,1,42
2020,6,23,mer,2020-06-03,68836.0,108143.0,569.37,182.0,16008.0,17663.0,153.66,115.0,16802.0,18592.0,118.16,144.92,663.0,740.0,321.0,2420.0,4575.0,197.08,36.0,2.0,2,41
2020,6,23,jeu,2020-06-04,96856.0,107435.0,558.09,182.0,16416.0,19495.0,138.89,115.0,23122.0,27205.0,149.54,144.92,707.0,1004.0,302.0,1863.0,4329.0,199.92,36.0,3.0,3,40
2020,6,23,ven,2020-06-05,79419.0,113382.0,656.72,182.0,17459.0,18736.0,145.06,115.0,24500.0,29975.0,158.87,144.92,711.0,1110.0,293.0,2538.0,5102.0,190.6,36.0,4.0,4,39
2020,6,23,sam,2020-06-06,88441.0,84746.0,521.01,182.0,6468.0,13333.0,116.06,115.0,11679.0,17896.0,118.12,144.92,566.0,753.0,89.0,1495.0,3236.0,183.0,36.0,5.0,5,38
2020,6,24,lun,2020-06-08,76357.0,81135.0,541.0,182.0,14708.0,16710.0,128.7,115.0,17151.0,16170.0,98.73,144.92,566.0,878.0,274.0,1813.0,3531.0,171.6,36.0,7.0,7,36
2020,6,24,mar,2020-06-09,85362.0,98159.0,543.4,182.0,13233.0,15150.0,134.0,115.0,15872.0,12380.0,80.5,144.92,536.0,537.0,286.0,1795.0,3681.0,161.7,36.0,8.0,8,35
2020,6,24,mer,2020-06-10,98114.0,95647.0,561.48,182.0,16852.0,15086.0,125.44,115.0,16268.0,12682.0,79.73,144.92,614.0,604.0,288.0,2306.0,4214.0,186.64,36.0,9.0,9,34
2020,6,24,jeu,2020-06-11,94731.0,106806.0,565.52,182.0,17521.0,15754.0,125.8,115.0,22245.0,19117.0,111.47,144.92,635.0,818.0,286.0,2094.0,4184.0,175.04,36.0,10.0,10,33
2020,6,24,ven,2020-06-12,105973.0,89793.0,516.51,182.0,16200.0,15260.0,147.47,115.0,27271.0,21110.0,145.6,144.92,675.0,918.0,271.0,2066.0,4088.0,180.05,36.0,11.0,11,32
2020,6,24,sam,2020-06-13,65114.0,72345.0,447.58,182.0,7238.0,5556.0,69.9,115.0,14400.0,15027.0,103.31,144.92,274.0,632.0,87.0,1328.0,2823.0,158.17,36.0,12.0,12,31
2020,6,25,lun,2020-06-15,72974.0,73576.0,442.78,182.0,14347.0,14500.0,106.55,115.0,16675.0,19699.0,124.58,144.92,550.0,876.0,290.0,1881.0,3654.0,197.43,36.0,14.0,14,29
2020,6,25,mar,2020-06-16,91868.0,91476.0,486.14,182.0,15068.0,16380.0,139.07,115.0,15498.0,16758.0,108.51,144.92,622.0,699.0,280.0,1719.0,3886.0,158.38,36.0,15.0,15,28
2020,6,25,mer,2020-06-17,88589.0,96673.0,540.62,182.0,16363.0,15358.0,145.05,115.0,16313.0,17477.0,110.44,144.92,628.0,670.0,281.0,2236.0,4287.0,133.08,36.0,16.0,16,27
2020,6,25,jeu,2020-06-18,93742.0,108358.0,562.08,182.0,16320.0,14913.0,140.29,115.0,22822.0,23514.0,145.17,144.92,581.0,955.0,289.0,2031.0,4315.0,191.14,36.0,17.0,17,26
2020,6,25,ven,2020-06-19,105973.0,89224.0,523.66,182.0,13653.0,15135.0,134.23,115.0,26988.0,27867.0,175.12,144.92,617.0,1073.0,300.0,2135.0,4550.0,195.94,36.0,18.0,18,25
2020,6,25,sam,2020-06-20,67300.0,80826.0,422.76,182.0,10008.0,6177.0,58.21,115.0,14909.0,17473.0,117.0,144.92,294.0,765.0,109.0,1497.0,3206.0,158.17,36.0,19.0,19,24
2020,6,26,lun,2020-06-22,71412.0,77139.0,431.74,182.0,12529.0,17409.0,147.68,115.0,16834.0,22111.0,147.33,144.92,635.0,1143.0,309.0,1727.0,3862.0,176.19,36.0,21.0,21,22
2020,6,26,mar,2020-06-23,87183.0,93654.0,509.68,182.0,14090.0,16737.0,146.1,115.0,16811.0,17497.0,95.73,144.92,623.0,698.0,287.0,1728.0,3762.0,132.92,36.0,22.0,22,21
2020,6,26,mer,2020-06-24,98114.0,95096.0,521.93,182.0,16774.0,17267.0,153.29,115.0,16279.0,17555.0,106.05,144.92,670.0,763.0,281.0,2221.0,4237.0,170.05,36.0,23.0,23,20
2020,6,26,jeu,2020-06-25,94731.0,91008.0,530.99,182.0,16028.0,15279.0,143.58,115.0,22472.0,24222.0,159.59,144.92,613.0,1009.0,282.0,2056.0,4222.0,169.09,36.0,24.0,24,19
2020,6,26,ven,2020-06-26,103943.0,87122.0,501.23,182.0,14656.0,14395.0,153.59,115.0,26592.0,28215.0,176.63,144.92,557.0,1183.0,303.0,1922.0,4520.0,166.11,36.0,25.0,25,18
2020,6,26,sam,2020-06-27,65114.0,77208.0,404.69,182.0,11680.0,5938.0,61.26,115.0,14219.0,17086.0,116.55,144.92,255.0,686.0,98.0,1396.0,2840.0,154.83,36.0,26.0,26,17
2020,6,27,lun,2020-06-29,81961.0,85378.0,456.0,182.0,15088.0,14467.0,137.0,115.0,19562.0,17783.0,115.0,144.92,640.0,653.0,955.0,1922.0,3534.0,171.0,36.0,,28,15
2020,6,27,mar,2020-06-30,91538.0,88850.0,432.0,182.0,13498.0,14885.0,147.0,115.0,18173.0,16188.0,109.0,144.92,816.0,804.0,1119.0,1529.0,3420.0,168.0,36.0,1.0,29,14
2020,7,27,mer,2020-07-01,79630.0,101484.0,575.7,182.0,15186.0,14341.0,139.34,115.0,16551.0,16684.0,116.47,144.92,775.0,738.0,1091.0,2398.0,4280.0,154.98,36.0,2.0,30,13
2020,7,27,jeu,2020-07-02,74148.0,113450.0,566.27,182.0,14911.0,17819.0,158.99,115.0,20966.0,23706.0,149.18,144.92,806.0,846.0,1119.0,2134.0,4438.0,163.28,36.0,3.0,31,12
2020,7,27,ven,2020-07-03,93178.0,91008.0,517.54,182.0,15518.0,16488.0,143.35,115.0,23417.0,26224.0,170.04,144.92,831.0,934.0,1216.0,2037.0,4341.0,173.52,36.0,4.0,32,11
2020,7,27,sam,2020-07-04,60938.0,78952.0,422.2,182.0,10677.0,9973.0,89.3,115.0,14025.0,16084.0,105.59,144.92,359.0,605.0,533.0,1439.0,2940.0,144.52,36.0,5.0,33,10
2020,7,28,lun,2020-07-06,63925.0,80475.0,438.31,182.0,15043.0,13988.0,125.1,115.0,16798.0,16015.0,103.71,144.92,769.0,678.0,1071.0,1784.0,3411.0,177.58,36.0,7.0,35,8
2020,7,28,mar,2020-07-07,77551.0,93345.0,496.79,182.0,12813.0,16086.0,137.0,115.0,17023.0,16318.0,111.22,144.92,653.0,712.0,953.0,1683.0,3697.0,149.68,36.0,8.0,36,7
2020,7,28,mer,2020-07-08,79306.0,100616.0,551.24,182.0,12876.0,18186.0,148.8,115.0,16731.0,16364.0,105.49,144.92,614.0,696.0,942.0,2207.0,4170.0,168.35,36.0,9.0,37,6
2020,7,28,jeu,2020-07-09,84710.0,109033.0,599.58,182.0,14838.0,17216.0,151.09,115.0,20250.0,21808.0,139.53,144.92,734.0,758.0,1078.0,1937.0,4403.0,173.11,36.0,10.0,38,5
2020,7,28,ven,2020-07-10,91500.0,106255.0,552.1,182.0,15462.0,18785.0,153.64,115.0,25332.0,25778.0,169.33,144.92,759.0,903.0,1122.0,2381.0,4838.0,200.47,36.0,11.0,39,4
2020,7,28,sam,2020-07-11,91500.0,97966.0,532.78,182.0,8059.0,7611.0,78.16,115.0,16292.0,23664.0,149.52,144.92,417.0,556.0,591.0,1884.0,3688.0,150.55,36.0,12.0,40,3
2020,7,29,lun,2020-07-13,65896.0,85696.0,470.48,182.0,13821.0,15577.0,156.95,115.0,14664.0,17892.0,118.94,144.92,689.0,697.0,977.0,1857.0,3679.0,192.85,36.0,14.0,42,1
2020,7,29,mer,2020-07-15,76366.0,109945.0,595.17,182.0,14994.0,14091.0,127.96,115.0,14476.0,20101.0,126.48,144.92,668.0,647.0,978.0,2331.0,4576.0,220.02,36.0,16.0,1,31
2020,7,29,jeu,2020-07-16,85180.0,113865.0,602.36,182.0,15139.0,18172.0,127.96,115.0,22572.0,23794.0,154.74,144.92,683.0,945.0,987.0,2061.0,4357.0,219.06,36.0,17.0,2,30
2020,7,29,ven,2020-07-17,90877.0,95426.0,505.55,182.0,13841.0,17243.0,140.29,115.0,26170.0,27345.0,161.0,144.92,594.0,944.0,951.0,2082.0,4571.0,201.64,36.0,18.0,3,29
2020,7,29,sam,2020-07-18,66627.0,94993.0,527.86,182.0,8113.0,14094.0,128.65,115.0,15807.0,18938.0,123.04,144.92,382.0,628.0,556.0,1683.0,3396.0,137.85,36.0,19.0,4,28
2020,7,30,lun,2020-07-20,62309.0,82268.0,450.95,182.0,15186.0,14688.0,124.89,115.0,16528.0,18076.0,109.96,144.92,712.0,672.0,1006.0,1798.0,3497.0,171.81,36.0,21.0,6,26
2020,7,30,mar,2020-07-21,75981.0,87191.0,506.44,182.0,13651.0,14914.0,133.59,115.0,17563.0,18298.0,111.08,144.92,653.0,644.0,943.0,1634.0,3589.0,155.6,36.0,22.0,7,25
2020,7,30,mer,2020-07-22,80369.0,100429.0,529.19,182.0,14284.0,16358.0,143.27,115.0,17686.0,20428.0,116.35,144.92,687.0,651.0,984.0,2142.0,4150.0,171.62,36.0,23.0,8,24
2020,7,30,jeu,2020-07-23,92193.0,111804.0,567.31,182.0,14561.0,16007.0,147.83,115.0,21363.0,21581.0,126.29,144.92,697.0,892.0,1036.0,1965.0,4116.0,162.63,36.0,24.0,9,23
2020,7,30,ven,2020-07-24,86419.0,91180.0,500.04,182.0,15352.0,15948.0,152.24,115.0,24028.0,26164.0,146.86,144.92,739.0,847.0,1059.0,2031.0,4214.0,141.63,36.0,25.0,10,22
2020,7,30,sam,2020-07-25,64572.0,74897.0,294.68,182.0,6066.0,7699.0,59.05,115.0,15258.0,17336.0,112.9,144.92,360.0,515.0,527.0,1380.0,2853.0,121.28,36.0,26.0,11,21
2020,7,31,lun,2020-07-27,58313.0,73034.0,424.0,182.0,13202.0,17252.0,151.0,115.0,21802.0,18188.0,121.0,144.92,639.0,865.0,915.0,1506.0,3493.0,121.11,36.0,,13,19
2020,7,31,mar,2020-07-28,76596.0,88749.0,451.0,182.0,13406.0,14013.0,129.0,115.0,17619.0,18290.0,118.0,144.92,559.0,540.0,1005.0,1468.0,3444.0,239.1,36.0,1.0,14,18
2020,7,31,mer,2020-07-29,77636.0,96841.0,533.0,182.0,13360.0,14211.0,128.0,115.0,18743.0,18738.0,131.0,144.92,547.0,650.0,973.0,1933.0,4045.0,131.36,36.0,2.0,15,17
2020,7,31,jeu,2020-07-30,80369.0,105981.0,533.0,182.0,12885.0,16370.0,140.0,115.0,24062.0,23644.0,159.0,144.92,613.0,1004.8082191780821,300.0,1950.041095890411,4095.0,290.39,36.0,3.0,16,16
2020,7,31,ven,2020-07-31,91954.0,94285.0,491.0,182.0,11732.0,15165.0,126.0,115.0,30212.0,26336.0,164.0,144.92,579.0,1024.3729577464787,306.76056338028167,2394.2454929577466,4090.0,402.76,36.0,4.0,17,15
2020,8,31,sam,2020-08-01,84285.0,80342.0,433.0,182.0,7572.0,6897.0,56.0,115.0,17114.0,17744.0,120.0,144.92,290.0,574.0,333.0,1400.0,2917.0,148.95,36.0,5.0,18,14
2020,8,32,lun,2020-08-03,69130.0,72863.0,449.0,182.0,13467.0,16371.0,155.0,115.0,12846.0,17251.0,111.0,144.92,680.0,559.0,150.0,1623.0,3644.0,151.15,36.0,7.0,20,12
2020,8,32,mar,2020-08-04,80458.0,91505.0,507.0,182.0,16235.0,13610.0,118.0,115.0,14787.0,18278.0,115.0,144.92,527.0,634.0,291.4657534246575,1440.0,3692.0,133.1,36.0,8.0,21,11
2020,8,32,mer,2020-08-05,86426.0,96634.0,530.0,182.0,17044.0,13681.0,115.0,115.0,15670.0,16767.0,112.0,144.92,566.0,656.0,314.0,1940.0,4095.0,137.78,36.0,9.0,22,10
2020,8,32,jeu,2020-08-06,93101.0,112595.0,586.0,182.0,16584.0,14245.0,121.0,115.0,22868.0,24399.0,145.0,144.92,568.0,804.0,297.0,1707.0,4245.0,132.87,36.0,10.0,23,9
2020,8,32,ven,2020-08-07,105086.0,97437.0,557.0,182.0,14267.0,12940.0,124.0,115.0,23196.0,27612.0,164.0,144.92,533.0,851.0,299.0,2182.0,4357.0,150.16,36.0,11.0,24,8
2020,8,32,sam,2020-08-08,71507.0,80494.0,462.0,182.0,7572.0,9099.0,79.0,115.0,13318.0,17512.0,112.0,144.92,378.0,557.0,305.0,1322.0,2900.0,133.38,36.0,12.0,25,7
2020,8,33,lun,2020-08-10,67133.0,69895.0,474.0,182.0,12322.0,16872.0,157.0,115.0,15403.0,17632.0,114.0,144.92,701.0,748.0,169.0,1686.0,3658.0,192.43,36.0,14.0,27,5
2020,8,33,mar,2020-08-11,78090.0,96402.0,597.0,182.0,14849.0,16425.0,146.0,115.0,14564.0,19224.0,126.0,144.92,714.0,948.0,291.4657534246575,2129.0,3995.0,236.67,36.0,15.0,28,4
2020,8,33,mer,2020-08-12,83863.0,120754.0,629.0,182.0,15588.0,19609.0,171.0,115.0,17995.0,21064.0,139.0,144.92,737.0,838.0,303.0,2148.0,5402.0,235.83,36.0,16.0,29,3
2020,8,33,jeu,2020-08-13,90353.0,129085.0,704.0,182.0,15169.0,18298.0,170.0,115.0,17936.0,29644.0,180.0,144.92,749.0,1004.8082191780821,344.0,1950.041095890411,5019.0,273.53,36.0,17.0,30,2
2020,8,33,ven,2020-08-14,101985.0,82797.0,630.0,182.0,13054.0,14306.0,129.0,115.0,19673.0,16931.0,130.0,144.92,526.0,883.0,350.0,2259.0,3329.0,305.41,36.0,18.0,31,1
2020,8,34,lun,2020-08-17,70900.0,91588.0,474.0,182.0,17351.0,16999.0,158.0,115.0,16173.0,20465.0,138.0,144.92,629.0,966.0,181.0,1755.0,4383.0,149.7,36.0,21.0,2,76
2020,8,34,mar,2020-08-18,81369.0,97169.0,585.0,182.0,19315.0,17256.0,163.0,115.0,15290.0,20591.0,125.0,144.92,710.0,649.0,291.4657534246575,1596.0,4316.0,180.62,36.0,22.0,3,75
2020,8,34,mer,2020-08-19,88145.0,93263.0,578.0,182.0,16158.0,16080.0,143.0,115.0,18894.0,20492.0,126.0,144.92,647.0,819.0,306.0,2358.0,4340.0,200.91,36.0,23.0,4,74
2020,8,34,jeu,2020-08-20,92292.0,111245.0,653.0,182.0,14208.0,16221.0,151.0,115.0,18822.0,22744.0,154.0,144.92,736.0,1013.0,301.0,1781.0,4765.0,188.03,36.0,24.0,5,73
2020,8,34,ven,2020-08-21,100990.0,105930.0,584.0,182.0,12240.0,18297.0,164.0,115.0,20650.0,26815.0,171.0,144.92,751.0,840.0,285.0,2252.0,4867.0,187.16,36.0,25.0,6,72
2020,8,34,sam,2020-08-22,72064.0,88102.0,541.0,182.0,5911.0,10203.0,98.0,115.0,12856.0,15471.0,115.0,144.92,436.0,559.0,308.0,1337.0,3110.0,155.58,36.0,26.0,7,71
2020,8,35,lun,2020-08-24,73935.0,70198.0,468.0,182.0,17197.0,15044.0,149.0,115.0,16912.0,16371.0,106.0,144.92,637.0,754.0,157.0,1632.0,3593.0,162.26,36.0,28.0,9,69
2020,8,35,mar,2020-08-25,99321.0,89174.0,494.0,182.0,17240.0,16266.0,123.0,115.0,15783.0,15152.0,102.0,144.92,649.0,605.0,291.4657534246575,1483.0,3668.0,198.86,36.0,29.0,10,68
2020,8,35,mer,2020-08-26,72923.0,97540.0,606.0,182.0,16209.0,16011.0,116.0,115.0,14858.0,15496.0,102.0,144.92,647.0,564.0,282.0,1986.0,4479.0,188.09,36.0,30.0,11,67
2020,8,35,jeu,2020-08-27,102204.0,112660.0,602.0,182.0,17504.0,14789.0,101.0,115.0,15495.0,18463.0,114.0,144.92,624.0,756.0,291.0,1611.0,4265.0,200.72,36.0,31.0,12,66
2020,8,35,ven,2020-08-28,86577.0,84898.0,510.0,182.0,11235.0,15085.0,111.0,115.0,23238.0,21427.0,135.0,144.92,567.0,805.0,294.0,2435.0,4065.0,188.19,36.0,32.0,13,65
2020,8,35,sam,2020-08-29,70799.0,75240.0,402.0,183.0,5775.0,4911.0,47.0,116.0,16388.0,13262.0,81.0,145.92,200.0,505.0,300.0,1547.0,2643.0,131.02,36.0,33.0,14,64
2020,8,36,lun,2020-08-31,84285.0,69730.0,485.0,182.0,14196.0,13157.0,135.0,115.0,17114.0,15156.0,110.0,144.92,557.0,978.0,281.0,1710.0,3573.07,137.62,36.0,,16,62
2020,9,36,mar,2020-09-01,118434.0,95364.0,543.0,182.0,17175.0,12349.0,123.0,115.0,22529.0,14389.0,92.0,144.92,549.0,686.0,288.0,1791.0,3727.76,136.82,32.0,1.0,17,61
2020,9,36,mer,2020-09-02,86972.0,104905.0,640.0,182.0,17799.0,13082.0,128.0,115.0,14191.0,14365.0,99.0,144.92,575.0,681.0,304.0,2439.0,4455.89,163.59,33.0,2.0,18,60
2020,9,36,jeu,2020-09-03,121884.0,108902.0,586.0,182.0,15824.0,15515.0,147.0,115.0,18846.0,18422.0,114.0,144.92,663.0,843.0,279.0,2020.0,4324.93,169.07,34.0,3.0,19,59
2020,9,36,ven,2020-09-04,103243.0,99459.0,580.0,182.0,12650.0,14453.0,137.0,115.0,20431.0,22632.0,141.0,144.92,628.0,954.0,312.0,2420.0,4487.92,159.56,35.0,4.0,20,58
2020,9,36,sam,2020-09-05,84397.0,79587.0,490.0,182.0,5108.0,4660.0,49.0,115.0,14056.0,14729.0,87.0,144.92,204.0,603.0,104.0,1455.0,2658.05,138.24,36.0,5.0,21,57
2020,9,37,lun,2020-09-07,71266.0,73188.0,504.0,182.0,14864.0,13716.0,130.0,115.0,14128.0,16211.0,113.0,144.92,629.0,772.0,298.0,1904.0,3680.84,122.35,36.0,7.0,23,55
2020,9,37,mar,2020-09-08,96292.0,97310.0,547.0,182.0,15324.0,15722.0,123.0,115.0,12228.0,13520.0,102.0,144.92,657.0,569.0,281.0,1174.0,3206.64,133.53,36.0,8.0,24,54
2020,9,37,mer,2020-09-09,73429.0,84376.0,524.0,182.0,14761.0,13915.0,123.0,115.0,11967.0,14023.0,92.0,144.92,581.0,639.0,298.0,1973.0,3786.55,147.73,36.0,9.0,25,53
2020,9,37,jeu,2020-09-10,118279.0,112519.0,609.0,182.0,11080.0,14506.0,124.0,115.0,17325.0,17974.0,126.0,144.92,611.0,815.0,271.0,2153.0,4390.03,140.09,36.0,10.0,26,52
2020,9,37,ven,2020-09-11,84809.0,82259.0,518.0,182.0,12526.0,10495.0,110.0,115.0,20485.0,22620.0,145.0,144.92,541.0,895.0,309.0,1952.0,3961.01,152.24,36.0,11.0,27,51
2020,9,37,sam,2020-09-12,70854.0,82111.0,433.0,182.0,4066.0,6672.0,58.0,115.0,13903.0,14438.0,89.0,144.92,321.0,578.0,94.0,1525.0,2798.38,122.13,36.0,12.0,28,50
2020,9,38,lun,2020-09-14,73069.0,81150.0,445.0,182.0,11614.0,13836.0,112.0,115.0,14578.0,15003.0,104.0,144.92,555.0,968.0,312.0,1947.0,3910.43,162.61,36.0,14.0,30,48
2020,9,38,mar,2020-09-15,101647.0,95678.0,618.0,182.0,12533.0,14559.0,119.0,115.0,14254.0,13691.0,92.0,144.92,598.0,668.0,282.0,1746.0,3617.38,173.77,36.0,15.0,31,47
2020,9,38,mer,2020-09-16,77137.0,88446.0,562.0,182.0,15831.0,13925.0,110.0,115.0,12768.0,13218.0,86.0,144.92,543.0,706.0,290.0,2274.0,4130.71,175.42,36.0,16.0,32,46
2020,9,38,jeu,2020-09-17,98352.0,109183.0,629.0,182.0,15845.0,11465.0,115.0,115.0,16892.0,17993.0,123.0,144.92,480.0,973.0,286.0,2004.0,3959.21,180.68,36.0,17.0,33,45
2020,9,38,ven,2020-09-18,81771.0,89638.0,587.0,182.0,12746.0,11785.0,122.0,115.0,19153.0,21707.0,139.0,144.92,549.0,1041.0,304.0,2099.0,4292.18,176.94,36.0,18.0,34,44
2020,9,38,sam,2020-09-19,82904.0,84584.0,514.0,182.0,4066.0,1357.0,12.0,115.0,12390.0,14450.0,97.0,144.92,57.0,563.0,107.0,1536.0,2686.31,163.18,36.0,19.0,35,43
2020,9,39,lun,2020-09-21,78475.0,76450.0,503.0,182.0,14220.0,11903.0,96.0,115.0,16001.0,13940.0,92.0,144.92,549.0,936.0,305.0,1954.0,3854.97,193.53,36.0,21.0,37,41
2020,9,39,mar,2020-09-22,99948.0,108635.0,624.0,182.0,12602.0,12271.0,102.0,115.0,12741.0,12699.0,86.0,144.92,595.0,592.0,268.0,2002.0,3810.47,162.92,36.0,22.0,38,40
2020,9,39,mer,2020-09-23,71472.0,85082.0,582.0,182.0,16352.0,16039.0,113.0,115.0,12651.0,12939.0,88.0,144.92,644.0,695.0,287.0,2119.0,4009.46,190.58,36.0,23.0,39,39
2020,9,39,jeu,2020-09-24,96601.0,109350.0,675.0,182.0,14302.0,12971.0,92.0,115.0,16911.0,16903.0,110.0,144.92,541.0,843.0,285.0,2007.0,4194.28,168.37,36.0,24.0,40,38
2020,9,39,ven,2020-09-25,75849.0,81697.0,518.0,182.0,11086.0,11819.0,115.0,115.0,19567.0,19902.0,121.0,144.92,529.0,973.0,291.0,1883.0,3938.78,170.0,36.0,25.0,41,37
2020,9,39,sam,2020-09-26,92584.0,80870.0,433.0,182.0,4066.0,3057.0,32.0,115.0,13903.0,13979.0,90.0,144.92,160.0,574.0,101.0,1453.0,2627.47,131.14,36.0,26.0,42,36
2020,9,40,lun,2020-09-28,74304.0,74665.0,475.0,182.0,10966.0,12455.0,87.0,115.0,17392.0,15932.0,100.0,144.92,520.0,833.0,291.0,1755.0,3903.302857142857,150.15,23.42097902,,44,34
2020,9,40,mar,2020-09-29,102729.0,116975.0,681.0,182.0,12228.0,13619.0,78.0,115.0,13790.0,13168.0,90.0,144.92,589.0,660.0,260.0,2057.0,3437.0,148.2,26.83380567,1.0,45,33
2020,9,40,mer,2020-09-30,80432.0,89256.0,561.0,182.0,11086.0,11448.0,55.0,115.0,13840.0,13676.0,91.0,144.92,489.0,692.0,273.0,2288.0,3562.0,164.02,25.14242166,2.0,46,32
2020,10,40,jeu,2020-10-01,106734.0,113826.0,676.0,182.0,12001.0,11903.0,65.0,115.0,11199.0,18742.0,119.0,144.92,471.0,1016.0,275.0,2123.0,3939.0,161.57,28.12960327,3.0,47,31
2020,10,40,ven,2020-10-02,75842.0,113232.0,685.0,182.0,10598.0,11252.0,58.0,115.0,14680.0,22692.0,148.0,144.92,551.0,1042.0,304.0,2403.0,3906.0,157.31,26.55489162,4.0,48,30
2020,10,40,sam,2020-10-03,65305.0,36155.0,230.0,182.0,11631.0,3639.0,15.0,115.0,17476.0,14972.0,104.0,144.92,186.0,698.0,117.0,878.0,2227.0,106.98,18.59637315,5.0,49,29
2020,10,41,lun,2020-10-05,68776.0,79255.0,529.0,182.0,17485.0,12958.0,119.0,115.0,15313.0,17127.0,110.0,144.92,556.0,1312.0,309.0,1931.0,3644.0,171.46,24.57902718,7.0,51,27
2020,10,41,mar,2020-10-06,92131.0,122685.0,705.0,182.0,16177.0,12999.0,105.0,115.0,12755.0,14014.0,99.0,144.92,582.0,806.0,279.0,2355.0,3508.0,180.49,25.36716716,8.0,52,26
2020,10,41,mer,2020-10-07,77453.0,98957.0,606.0,182.0,13692.0,12687.0,107.0,115.0,12131.0,14685.0,100.0,144.92,568.0,946.0,281.0,2522.0,3758.0,181.52,26.00258925,9.0,53,25
2020,10,41,jeu,2020-10-08,112907.0,124013.0,704.0,182.0,11741.0,10676.0,93.0,115.0,16310.0,19425.0,124.0,144.92,487.0,1100.0,268.0,2288.0,4068.0,158.58,29.30590238,10.0,54,24
2020,10,41,ven,2020-10-09,79932.0,94222.0,653.0,182.0,9365.0,11154.0,95.0,115.0,18721.0,21370.0,131.0,144.92,540.0,1041.0,302.0,2273.0,3708.0,199.77,21.96215648,11.0,55,23
2020,10,41,sam,2020-10-10,64610.0,101322.0,525.0,182.0,5066.0,4084.0,35.0,115.0,11480.0,13114.0,90.0,144.92,212.0,585.0,99.0,1919.0,2129.0,133.0,23.61601504,12.0,56,22
2020,10,42,lun,2020-10-12,71255.0,71005.0,451.0,182.0,14274.0,11101.0,102.0,115.0,15348.0,16304.0,110.0,144.92,501.0,1031.0,251.0,1778.0,3704.0,203.0,18.08,14.0,58,20
2020,10,42,mar,2020-10-13,96048.0,107891.0,640.0,182.0,16362.0,10831.0,91.0,115.0,11845.0,12315.0,84.0,144.92,506.0,684.0,294.0,1915.0,7219.0,167.68,23.1337667,15.0,59,19
2020,10,42,mer,2020-10-14,72990.0,90110.0,563.0,182.0,15205.0,11556.0,94.0,115.0,12374.0,13564.0,90.0,144.92,525.0,726.0,291.0,2248.0,3471.0,185.88,22.2558102,16.0,60,18
2020,10,42,jeu,2020-10-15,108494.0,102992.0,604.0,182.0,13425.0,12044.0,101.0,115.0,15322.0,17428.0,103.0,144.92,561.0,1040.0,291.0,1894.0,3946.0,188.56,21.8373462,17.0,61,17
2020,10,42,ven,2020-10-16,82313.0,98203.0,559.0,182.0,9201.0,11695.0,117.0,115.0,19284.0,20570.0,138.0,144.92,568.0,969.0,300.0,2412.0,3621.0,181.83,25.55111918,18.0,62,16
2020,10,42,sam,2020-10-17,64710.0,81805.0,478.0,182.0,5066.0,2617.0,29.0,115.0,12530.0,13798.0,104.0,144.92,135.0,613.0,107.0,1480.0,2146.0,155.01,17.03064318,19.0,63,15
2020,10,43,lun,2020-10-19,89602.0,70952.0,459.0,182.0,18251.0,10344.0,84.0,115.0,15634.0,16653.0,123.0,144.92,464.0,974.0,309.0,1677.0,3592.0,213.18,17.9117178,21.0,65,13
2020,10,43,mar,2020-10-20,126841.0,102930.0,573.0,182.0,16725.0,10498.0,85.0,115.0,12148.0,12925.0,98.0,144.92,487.0,678.0,279.0,1862.0,3615.0,188.72,25.80770454,22.0,66,12
2020,10,43,mer,2020-10-21,98081.0,81835.0,500.0,182.0,11125.0,11843.0,91.0,115.0,12165.0,12722.0,91.0,144.92,521.0,638.0,289.0,1978.0,3344.0,183.04,23.71536276,23.0,67,11
2020,10,43,jeu,2020-10-22,143105.0,105749.0,574.0,182.0,11364.0,12484.0,86.0,115.0,15564.0,17535.0,115.0,144.92,570.0,974.0,287.0,1928.0,4182.0,193.17,25.51136305,24.0,68,10
2020,10,43,ven,2020-10-23,22661.0,99779.0,636.0,182.0,10995.0,10799.0,93.0,115.0,18513.0,21056.0,131.0,144.92,489.0,923.0,296.0,2294.0,3697.0,198.01,26.51956972,25.0,69,9
2020,10,43,sam,2020-10-24,15570.0,79679.0,443.0,182.0,5066.0,4871.0,50.0,115.0,12686.0,14934.0,98.0,144.92,266.0,673.0,100.0,1432.0,2108.0,168.08,20.38469776,26.0,70,8
2020,10,44,lun,2020-10-26,109634.0,72734.0,456.0,182.0,13055.0,11378.0,101.0,115.0,14290.0,17697.0,146.0,144.92,533.0,1291.0,299.0,1896.0,3677.0,243.31,19.17997616,28.0,72,6
2020,10,44,mar,2020-10-27,66594.0,102699.0,605.0,182.0,12713.0,10615.0,110.0,115.0,11298.0,15638.0,98.0,144.92,562.0,799.0,292.0,1925.0,3608.0,245.43,21.3874017,29.0,73,5
2020,10,44,mer,2020-10-28,114494.0,87182.0,573.0,182.0,14240.0,11695.0,106.0,115.0,11940.0,18429.0,106.0,144.92,530.0,1020.0,293.0,2129.0,4555.0,217.78,27.29805308,30.0,74,4
2020,10,44,jeu,2020-10-29,92428.0,117022.0,702.0,182.0,15157.0,16102.0,128.0,115.0,16319.0,26388.0,136.0,144.92,679.0,1375.0,328.0,2108.0,3381.0,190.11,31.4157067,31.0,75,3
2020,10,44,ven,2020-10-30,22760.0,118598.0,744.0,182.0,13295.0,17784.0,150.0,115.0,21218.0,27022.0,174.0,144.92,767.0,1338.0,318.0,2785.0,4446.354032258064,136.58,51.52709035,32.0,76,2
2020,10,44,sam,2020-10-31,102990.0,120871.0,767.0,182.0,5066.0,7943.0,70.0,115.0,11645.0,13058.0,92.0,144.92,352.0,615.0,111.0,709.0,2872.9873015873027,95.55,34.90727368,33.0,77,1
2020,11,45,lun,2020-11-02,85200.0,125647.0,595.0,182.0,6985.0,14822.0,146.0,115.0,16076.0,15057.0,112.0,144.92,613.0,920.0,317.0,2643.0,228.0,315.08,36.0,,1,9
2020,11,45,mar,2020-11-03,94504.0,121315.0,724.0,182.0,14302.0,14254.0,126.0,115.0,12974.0,12586.0,91.0,144.92,630.0,589.0,290.0,2135.0,243.0,282.54,36.0,1.0,2,8
2020,11,45,mer,2020-11-04,89316.0,100202.0,677.0,182.0,16020.0,12551.0,141.0,115.0,13433.0,14069.0,100.0,144.92,590.0,778.0,284.0,2338.0,237.0,252.86,36.0,2.0,3,7
2020,11,45,jeu,2020-11-05,100875.0,124019.0,753.0,182.0,17052.0,12805.0,139.0,115.0,18359.0,17943.0,113.0,144.92,589.0,946.0,302.0,2327.0,232.0,232.25,36.0,3.0,4,6
2020,11,45,ven,2020-11-06,100875.0,84518.0,646.0,182.0,14980.0,14057.0,115.0,115.0,23870.0,22615.0,145.0,144.92,553.0,1078.0,322.0,2214.0,235.0,248.47,36.0,4.0,5,5
2020,11,45,sam,2020-11-07,86046.0,123842.0,678.0,182.0,5738.0,10871.0,109.0,115.0,13101.0,15788.0,114.0,144.92,455.0,696.0,107.0,2312.0,205.0,199.5,36.0,5.0,6,4
2020,11,46,lun,2020-11-09,59159.0,117672.0,622.0,182.0,15994.0,14459.0,138.0,115.0,16876.0,19654.0,158.0,144.92,618.0,1128.0,364.0,2476.0,106.0,314.09,36.0,7.0,8,2
2020,11,46,mar,2020-11-10,103704.0,108415.0,643.0,182.0,16238.0,10944.0,107.0,115.0,14860.0,17346.0,118.0,144.92,464.0,818.0,334.0,1908.0,214.0,253.15,36.0,8.0,9,1
2020,11,46,jeu,2020-11-12,110517.0,87209.0,591.0,182.0,9955.0,15132.0,134.0,115.0,19542.0,21806.0,153.0,144.92,593.0,1146.0,316.0,2029.0,245.0,283.71,36.0,10.0,1,43
2020,11,46,ven,2020-11-13,127715.0,129046.0,740.0,182.0,9935.0,14704.0,131.0,115.0,15177.0,24252.0,172.0,144.92,615.0,1120.0,329.0,2724.0,263.0,255.68,36.0,11.0,2,42
2020,11,46,sam,2020-11-14,108036.0,100372.0,641.0,182.0,12066.0,5848.0,62.0,115.0,14836.0,17006.0,120.0,144.92,320.0,732.0,113.0,2066.0,235.0,189.15,36.0,12.0,3,41
2020,11,47,lun,2020-11-16,77531.0,76323.0,462.0,182.0,14572.0,14043.0,121.0,115.0,17783.0,18731.0,138.0,144.92,599.0,1121.0,325.0,1840.0,192.0,123.19,36.0,14.0,5,39
2020,11,47,mar,2020-11-17,104710.0,128345.0,732.0,182.0,15973.0,13325.0,108.0,115.0,13598.0,14995.0,101.0,144.92,612.0,625.0,302.0,2325.0,225.0,199.4,36.0,15.0,6,38
2020,11,47,mer,2020-11-18,89316.0,72036.0,518.0,182.0,14348.0,11776.0,122.0,115.0,13237.0,15191.0,108.0,144.92,549.0,791.0,305.0,1853.0,217.0,208.45,36.0,16.0,7,37
2020,11,47,jeu,2020-11-19,103300.0,124075.0,709.0,182.0,14556.0,13330.0,119.0,115.0,17130.0,19159.0,137.0,144.92,609.0,948.0,341.0,2300.0,264.0,203.76,36.0,17.0,8,36
2020,11,47,ven,2020-11-20,103074.0,102260.0,703.0,182.0,15080.0,11093.0,122.0,115.0,21373.0,22221.0,150.0,144.92,531.0,1075.0,314.0,2656.0,255.0,206.1,36.0,18.0,9,35
2020,11,47,sam,2020-11-21,85989.0,98591.0,614.0,182.0,2488.0,4616.0,51.0,115.0,14418.0,15235.0,105.0,144.92,242.0,651.0,117.0,1768.0,197.0,258.72,36.0,19.0,10,34
2020,11,48,lun,2020-11-23,80915.0,92056.0,583.0,182.0,18869.0,12128.0,143.0,115.0,15725.0,18429.0,138.0,144.92,575.0,1215.0,311.0,2325.0,210.0,170.62,36.0,21.0,12,32
2020,11,48,mar,2020-11-24,109897.0,124503.0,751.0,182.0,16582.0,11385.0,119.0,115.0,13169.0,13624.0,98.0,144.92,562.0,790.0,285.0,2270.0,239.0,186.08,36.0,22.0,13,31
2020,11,48,mer,2020-11-25,85313.0,88357.0,572.0,182.0,14325.0,16799.0,153.0,115.0,13267.0,14082.0,97.0,144.92,731.0,821.0,279.0,2117.0,245.0,188.57,36.0,23.0,14,30
2020,11,48,jeu,2020-11-26,109502.0,110201.0,664.0,182.0,11506.0,14709.0,135.0,115.0,17881.0,18283.0,140.0,144.92,637.0,1029.0,338.0,1914.0,250.0,179.43,36.0,24.0,15,29
2020,11,48,ven,2020-11-27,94786.0,91681.0,624.0,182.0,10883.0,11953.0,112.0,115.0,22661.0,22365.0,145.0,144.92,577.0,1047.0,312.0,2329.0,268.0,183.15,36.0,25.0,16,28
2020,11,48,sam,2020-11-28,83452.0,91089.0,528.0,182.0,4921.0,5428.0,55.0,115.0,14847.0,15081.0,109.0,144.92,257.0,670.0,108.0,1767.0,211.0,165.2,36.0,26.0,17,27
2020,11,49,lun,2020-11-30,112326.0,77248.0,527.0,182.0,12723.0,12826.0,117.0,115.0,15578.0,15602.0,108.0,144.92,573.0,878.0,315.0,1977.0,4220.0,205.71,36.0,,19,25
2020,12,49,mar,2020-12-01,117456.0,116503.0,698.0,182.0,14408.0,13097.0,138.0,115.0,17463.0,12850.0,94.0,144.92,604.0,803.0,291.0,2086.0,4185.65,131.29,36.0,1.0,20,24
2020,12,49,mer,2020-12-02,95629.0,84647.0,563.0,182.0,14408.0,15216.0,157.0,115.0,11922.0,13168.0,90.0,144.92,678.0,697.0,295.0,2156.0,4146.24,169.15,36.0,2.0,21,23
2020,12,49,jeu,2020-12-03,88448.0,109054.0,671.0,182.0,11809.0,15098.0,162.0,115.0,13692.0,18970.0,126.0,144.92,620.0,1092.0,303.0,1937.0,4298.96,175.17,36.0,3.0,22,22
2020,12,49,ven,2020-12-04,76822.0,104024.0,669.0,182.0,13105.0,13268.0,133.0,115.0,17790.0,22801.0,140.0,144.92,594.0,1065.0,306.0,2720.0,4928.31,157.62,36.0,4.0,23,21
2020,12,49,sam,2020-12-05,79159.0,96634.0,542.0,182.0,4236.0,5253.0,49.0,115.0,12064.0,14707.0,98.0,144.92,270.0,664.0,92.0,1808.0,2898.88,172.22,36.0,5.0,24,20
2020,12,50,lun,2020-12-07,83832.0,74386.0,513.0,182.0,13064.0,13911.0,144.0,115.0,17516.0,18184.0,122.0,144.92,572.0,1085.0,335.0,1814.0,3999.59,205.15,36.0,7.0,26,18
2020,12,50,mar,2020-12-08,107995.0,114276.0,650.0,182.0,15725.0,14007.0,131.0,115.0,11241.0,13430.0,83.0,144.92,595.0,740.0,287.0,1992.0,3935.63,180.21,36.0,8.0,27,17
2020,12,50,mer,2020-12-09,86282.0,83953.0,575.0,182.0,14817.0,15832.0,136.0,115.0,12312.0,14031.0,95.0,144.92,674.0,758.0,325.0,2187.0,4454.26,193.52,36.0,9.0,28,16
2020,12,50,jeu,2020-12-10,103949.0,108054.0,622.0,182.0,14735.0,15014.0,132.0,115.0,16233.0,19118.0,123.0,144.92,673.0,1057.0,329.0,1867.0,4232.35,173.3,36.0,10.0,29,15
2020,12,50,ven,2020-12-11,104633.0,105473.0,660.0,182.0,9878.0,13600.0,125.0,115.0,19233.0,22222.0,151.0,144.92,685.0,1070.0,341.0,2868.0,5242.58,218.28,36.0,11.0,30,14
2020,12,50,sam,2020-12-12,83148.0,106444.0,594.0,182.0,4236.0,5193.0,42.0,115.0,11975.0,14618.0,91.0,144.92,264.0,652.0,101.0,2082.0,3380.88,180.87,36.0,12.0,31,13
2020,12,51,lun,2020-12-14,65595.0,91652.0,566.0,182.0,14312.0,15144.0,130.0,115.0,10727.0,18110.0,126.0,144.92,656.0,901.0,355.0,2083.0,4146.12,197.9,36.0,14.0,33,11
2020,12,51,mar,2020-12-15,99048.0,119996.0,671.0,182.0,13419.0,12380.0,123.0,115.0,10453.0,14283.0,94.0,144.92,575.0,722.0,284.0,2122.0,4101.7,193.0,36.0,15.0,34,10
2020,12,51,mer,2020-12-16,96084.0,95958.0,622.0,182.0,13910.0,13459.0,126.0,115.0,11444.0,14910.0,107.0,144.92,606.0,925.0,459.0,2509.0,4881.1,174.51,36.0,16.0,35,9
2020,12,51,jeu,2020-12-17,112156.0,115290.0,731.0,182.0,13160.0,10838.0,101.0,115.0,17870.0,21677.0,139.0,144.92,491.0,1124.0,423.0,2110.0,4287.02,190.69,36.0,17.0,36,8
2020,12,51,ven,2020-12-18,96540.0,104083.0,650.0,182.0,13419.0,10085.0,104.0,115.0,20215.0,25874.0,160.0,144.92,500.0,1113.0,485.0,2668.0,4807.67,183.02,36.0,18.0,37,7
2020,12,51,sam,2020-12-19,100473.0,115088.0,746.0,182.0,2203.0,4982.0,56.0,115.0,17808.0,18859.0,128.0,144.92,271.0,1075.0,25.0,2299.0,3721.27,159.2,36.0,19.0,38,6
2020,12,52,lun,2020-12-21,96550.0,85241.0,639.0,182.0,14684.0,17003.0,143.0,115.0,16337.0,20468.0,139.0,144.92,728.0,992.0,692.0,2052.0,4464.12,242.7,36.0,21.0,40,4
2020,12,52,mar,2020-12-22,97262.0,139442.0,804.0,182.0,10682.0,14989.0,133.0,115.0,11772.0,26631.0,161.0,144.92,644.0,1221.0,623.0,2416.0,5004.8,219.78,36.0,22.0,41,3
2020,12,52,mer,2020-12-23,114217.0,120663.0,796.0,182.0,13809.0,12449.0,113.0,115.0,11307.0,22798.0,153.0,144.92,576.0,1044.0,510.0,3193.0,5366.03,201.36,36.0,23.0,42,2
2020,12,52,jeu,2020-12-24,78503.0,121609.0,771.0,182.0,12768.0,8076.0,80.0,115.0,16485.0,20779.0,138.0,144.92,380.0,945.0,248.0,2240.0,3882.96,172.03,36.0,24.0,43,1
2020,12,52,sam,2020-12-26,88381.0,104631.0,675.0,182.0,4906.0,4930.0,43.0,115.0,17849.0,10335.0,76.0,144.92,232.0,494.0,98.0,2483.0,3306.38,156.83,36.0,26.0,1,6
2020,12,53,lun,2020-12-28,85441.0,111535.0,722.0,182.0,12712.0,13085.0,114.0,115.0,13380.0,14081.0,115.0,144.92,577.0,752.0,455.0,2238.0,4078.01,231.39,36.0,,3,4
2020,12,53,mar,2020-12-29,99334.0,98119.0,654.0,182.0,8897.0,13114.0,117.0,115.0,12465.0,20893.0,151.0,144.92,631.0,990.0,479.0,1899.0,4127.83,222.13,36.0,1.0,4,3
2020,12,53,mer,2020-12-30,100513.0,86365.0,604.0,182.0,13115.0,12128.0,117.0,115.0,14914.0,20485.0,132.0,144.92,589.0,942.0,401.0,2281.0,4248.44,182.04,36.0,2.0,5,2
2020,12,53,jeu,2020-12-31,110960.0,96235.0,612.0,182.0,15554.0,7928.0,99.0,115.0,18196.0,22583.0,132.0,144.92,357.0,1040.0,209.0,1837.0,3476.0,171.84,36.0,3.0,6,1
2021,1,1,sam,2021-01-02,116113.0,98119.0,605.0,182.0,8404.0,4290.0,21.0,115.0,26172.0,16116.0,98.0,144.92,211.0,975.0,122.0,2353.0,3661.32,92.2,36.0,5.0,1,93
2021,1,2,lun,2021-01-04,89472.0,105096.0,562.0,182.0,8827.0,14460.0,112.0,115.0,17532.0,18915.0,124.0,144.92,554.0,1183.0,238.0,2104.0,4106.06,139.35,36.0,7.0,3,91
2021,1,2,mar,2021-01-05,113718.0,79819.0,548.0,182.0,11130.0,15145.0,120.0,115.0,15121.0,17708.0,109.0,144.92,637.0,802.0,210.0,1150.0,2924.0,137.53,36.0,8.0,4,90
2021,1,2,mer,2021-01-06,88713.0,108227.0,594.0,182.0,10165.0,14375.0,122.0,115.0,13664.0,18280.0,119.0,144.92,652.0,963.0,264.0,2585.0,4519.58,104.62,36.0,9.0,5,89
2021,1,2,jeu,2021-01-07,106883.0,118335.0,690.0,182.0,10691.0,14373.0,129.0,115.0,17707.0,21646.0,138.0,144.92,649.0,1148.0,222.0,2220.0,4293.22,116.57,36.0,10.0,6,88
2021,1,2,ven,2021-01-08,98690.0,105498.0,593.0,182.0,9656.0,14082.0,135.0,115.0,20191.0,23378.0,147.0,144.92,630.0,1089.0,295.0,2489.0,4288.38,115.73,36.0,11.0,7,87
2021,1,2,sam,2021-01-09,94892.0,91917.0,379.0,182.0,2352.0,8313.0,71.0,115.0,14035.0,17015.0,112.0,144.92,361.0,800.0,30.0,1637.0,2507.7,94.0,36.0,12.0,8,86
2021,1,3,lun,2021-01-11,78443.0,92232.0,516.0,182.0,11064.0,14065.0,120.0,115.0,17141.0,18626.0,132.0,144.92,555.0,983.0,274.0,2202.0,4055.92,189.14,36.0,14.0,10,84
2021,1,3,mar,2021-01-12,111672.0,106326.0,629.0,182.0,11266.0,13028.0,114.0,115.0,13922.0,14865.0,103.0,144.92,519.0,736.0,225.0,1889.0,3424.7,180.27,36.0,15.0,11,83
2021,1,3,mer,2021-01-13,93900.0,114259.0,672.0,182.0,10173.0,11979.0,101.0,115.0,13593.0,13271.0,88.0,144.92,514.0,650.0,260.0,2875.0,4343.72,192.91,36.0,16.0,12,82
2021,1,3,jeu,2021-01-14,109891.0,111246.0,613.0,182.0,10156.0,11650.0,111.0,115.0,18486.0,19503.0,117.0,144.92,544.0,954.0,262.0,2125.0,3932.76,165.1,36.0,17.0,13,81
2021,1,3,ven,2021-01-15,105755.0,104542.0,570.0,182.0,7423.0,5079.0,47.0,115.0,20618.0,23310.0,142.0,144.92,234.0,1097.0,278.0,2577.0,4231.22,177.45,36.0,18.0,14,80
2021,1,3,sam,2021-01-16,92651.0,82653.0,447.0,182.0,2739.0,4129.0,43.0,115.0,14490.0,17029.0,119.0,144.92,212.0,781.0,30.0,1420.0,2476.52,141.06,36.0,19.0,15,79
2021,1,4,lun,2021-01-18,77537.0,87450.0,533.0,182.0,10296.0,13653.0,119.0,115.0,16106.0,16002.0,111.0,144.92,587.0,1044.0,302.0,2054.0,4030.82,194.16,36.0,21.0,17,77
2021,1,4,mar,2021-01-19,112694.0,106812.0,574.0,182.0,11021.0,12415.0,110.0,115.0,14127.0,14416.0,112.0,144.92,555.0,654.0,220.0,1826.0,3309.97,173.9,36.0,22.0,18,76
2021,1,4,mer,2021-01-20,99333.0,101434.0,522.0,182.0,9681.0,9463.0,125.0,115.0,13704.0,14470.0,102.0,144.92,446.0,790.0,244.0,2395.0,3908.91,171.28,36.0,23.0,19,75
2021,1,4,jeu,2021-01-21,111639.0,100687.0,497.0,182.0,10130.0,9355.0,82.0,115.0,19020.0,19461.0,144.0,144.92,412.0,996.0,219.0,1771.0,3447.81,193.88,36.0,24.0,20,74
2021,1,4,ven,2021-01-22,99713.0,107173.0,525.0,182.0,8963.0,7373.0,86.0,115.0,21006.0,21825.0,141.0,144.92,359.0,1054.0,315.0,2678.0,4444.68,182.56,36.0,25.0,21,73
2021,1,4,sam,2021-01-23,92681.0,91297.0,449.0,182.0,2729.0,4119.0,39.0,115.0,14286.0,16351.0,108.0,144.92,175.0,877.0,30.0,1751.0,2868.16,137.05,36.0,26.0,22,72
2021,1,5,lun,2021-01-25,77525.0,91092.0,545.0,182.0,9794.0,12418.0,108.0,115.0,15437.0,18753.0,129.0,144.92,506.0,937.0,284.0,2242.0,4006.28,186.27,36.0,28.0,24,70
2021,1,5,mar,2021-01-26,114608.0,102880.0,603.0,182.0,11225.0,12418.0,100.0,115.0,13221.0,14740.0,108.0,144.92,524.0,786.0,224.0,1726.0,3309.16,194.09,36.0,29.0,25,69
2021,1,5,mer,2021-01-27,97284.0,102493.0,619.0,182.0,8973.0,9802.0,105.0,115.0,13767.0,14750.0,108.0,144.92,425.0,744.0,206.0,2413.0,3877.06,192.89,36.0,30.0,26,68
2021,1,5,jeu,2021-01-28,104125.0,110506.0,585.0,182.0,10853.0,8592.0,95.0,115.0,22268.0,19700.0,147.0,144.92,408.0,1093.0,234.0,1849.0,3674.53,178.05,36.0,31.0,27,67
2021,1,5,ven,2021-01-29,98094.0,93237.0,550.0,182.0,9699.0,8006.0,85.0,115.0,18485.0,22486.0,154.0,144.92,378.0,1077.0,245.0,2114.0,3847.59,189.92,36.0,32.0,28,66
2021,1,5,sam,2021-01-30,99179.0,86870.0,521.0,182.0,2277.0,4419.0,45.0,115.0,15071.0,14914.0,92.0,144.92,213.0,742.0,34.0,1459.0,2485.4,155.29,36.0,33.0,29,65
2021,2,6,lun,2021-02-01,90561.0,93138.0,551.0,188.0,8571.0,12207.0,104.0,135.0,17324.0,16700.0,118.0,149.0,565.0,896.0,246.0,2060.0,3766.8,173.18,21.75077954,,31,63
2021,2,6,mar,2021-02-02,113817.0,123889.0,654.0,188.0,9648.0,11326.0,90.0,135.0,14980.0,12590.0,84.0,149.0,519.0,639.0,209.0,2153.0,3616.01,183.14,19.74451239,1.0,32,62
2021,2,6,mer,2021-02-03,116917.0,106856.0,624.0,188.0,9983.0,9570.0,106.0,135.0,14858.0,14531.0,95.0,149.0,444.0,805.0,197.0,2442.0,3929.3,195.94,20.05358783,2.0,33,61
2021,2,6,jeu,2021-02-04,106227.0,128550.0,693.0,188.0,10217.0,11275.0,92.0,135.0,21280.0,18128.0,134.0,149.0,523.0,943.0,227.0,2311.0,4059.04,195.65,20.74643496,3.0,34,60
2021,2,6,ven,2021-02-05,120219.0,113952.0,656.0,188.0,10570.0,6825.0,68.0,135.0,23906.0,21621.0,151.0,149.0,334.0,1004.0,232.0,2546.0,4156.73,259.82,15.99849896,4.0,35,59
2021,2,6,sam,2021-02-06,93222.0,94023.0,511.0,188.0,3714.0,4730.0,42.0,135.0,15042.0,16251.0,110.0,149.0,228.0,869.0,28.0,1627.0,2785.04,191.85,14.51675788,5.0,36,58
2021,2,7,lun,2021-02-08,77858.0,90093.0,539.0,188.0,10760.0,12828.0,102.0,135.0,16704.0,16097.0,122.0,149.0,563.0,1004.0,232.0,2115.0,3914.48,213.2,18.36060038,7.0,38,56
2021,2,7,mar,2021-02-09,102047.0,109380.0,647.0,188.0,10537.0,12122.0,98.0,135.0,14891.0,14978.0,124.0,149.0,523.0,790.0,207.0,1957.0,3573.56,228.64,15.62963611,8.0,39,55
2021,2,7,mer,2021-02-10,105657.0,105345.0,629.0,188.0,9566.0,10769.0,78.0,135.0,14333.0,13961.0,105.0,149.0,447.0,866.0,220.0,2402.0,3975.22,230.68,17.23261661,9.0,40,54
2021,2,7,jeu,2021-02-11,111974.0,109915.0,640.0,188.0,11990.0,11428.0,85.0,135.0,19300.0,18539.0,140.0,149.0,525.0,1048.0,230.0,1857.0,3583.9,256.4,13.97776911,10.0,41,53
2021,2,7,ven,2021-02-12,113333.0,101258.0,583.0,188.0,10608.0,8703.0,80.0,135.0,23549.0,22646.0,154.0,149.0,406.0,1113.0,236.0,2427.0,3894.07,194.05,20.06735377,11.0,42,52
2021,2,7,sam,2021-02-13,79763.0,78699.0,453.0,188.0,3788.0,1810.0,14.0,135.0,15881.0,14986.0,92.0,149.0,78.0,704.0,28.0,1390.0,2154.89,88.3,24.40419026,12.0,43,51
2021,2,8,lun,2021-02-15,90271.0,94602.0,512.2379220779221,188.0,10564.0,12046.0,119.3377922077922,135.0,16519.0,16162.0,122.09337662337663,149.0,515.0,1003.0,211.0,2508.0,4236.47,221.86324675324676,51.52709035,14.0,45,49
2021,2,8,mar,2021-02-16,100592.0,108271.0,580.341125,188.0,10705.0,12570.0,117.17362500000002,135.0,15096.0,14609.0,111.72825,149.0,561.0,715.0,212.0,1849.0,3432.54,221.2585,51.52709035,15.0,46,48
2021,2,8,mer,2021-02-17,98193.0,99899.0,578.2116455696203,188.0,10093.0,13104.0,121.82405063291142,135.0,13791.0,15017.0,114.5858227848101,149.0,522.0,810.0,210.0,2349.0,3933.58,218.9443037974684,51.52709035,16.0,47,47
2021,2,8,jeu,2021-02-18,118491.0,110436.91139240506,609.3660759493671,188.0,10861.0,13743.759493670887,118.82949367088608,135.0,20164.0,22047.303797468354,141.7654430379747,149.0,565.418918918919,1004.8082191780821,300.0,1950.041095890411,4097.891230769232,219.27506329113925,51.52709035,17.0,48,46
2021,2,8,ven,2021-02-19,108101.0,101356.09210526316,591.0742105263158,188.0,9123.0,12993.065789473685,114.97894736842105,135.0,23515.0,24822.013157894737,153.90578947368422,149.0,544.6338888888889,1024.3729577464787,306.76056338028167,2394.2454929577466,4446.354032258064,220.01328947368418,51.52709035,18.0,49,45
2021,2,8,sam,2021-02-20,86137.0,87799.92207792208,496.3296103896104,188.0,1660.0,6911.38961038961,63.29662337662338,135.0,15812.0,17063.7012987013,113.06662337662338,149.0,296.636301369863,707.6416438356164,104.83098591549296,1611.9123287671234,2872.9873015873027,165.56025974025977,51.52709035,19.0,50,44
2021,2,9,lun,2021-02-22,85749.0,87773.39743589744,512.2379220779221,188.0,11620.0,13860.320512820514,119.3377922077922,135.0,17164.0,17906.884615384617,122.09337662337663,149.0,572.7972972972973,912.5135135135135,312.9054054054054,2010.1081081081081,3903.302857142857,221.86324675324676,51.52709035,21.0,52,42
2021,2,9,mar,2021-02-23,104607.0,103088.62962962964,580.341125,188.0,11226.0,13649.901234567902,117.17362500000002,135.0,15019.0,16762.962962962964,111.72825,149.0,566.4025974025974,741.8701298701299,291.4657534246575,1851.7532467532467,3892.8101492537317,221.2585,51.52709035,22.0,53,41
2021,2,9,mer,2021-02-24,111034.0,99401.125,578.2116455696203,188.0,10347.0,14054.5,121.82405063291142,135.0,15258.0,17345.6125,114.5858227848101,149.0,576.6973684210526,784.2236842105264,307.63157894736844,2286.815789473684,4349.319402985075,218.9443037974684,51.52709035,23.0,54,40
2021,2,9,jeu,2021-02-25,114561.0,110436.91139240506,609.3660759493671,188.0,10681.0,13743.759493670887,118.82949367088608,135.0,19639.0,22047.303797468354,141.7654430379747,149.0,565.418918918919,1004.8082191780821,300.0,1950.041095890411,4097.891230769232,219.27506329113925,51.52709035,24.0,55,39
2021,2,9,ven,2021-02-26,107979.0,101356.09210526316,591.0742105263158,188.0,8285.0,12993.065789473685,114.97894736842105,135.0,23155.0,24822.013157894737,153.90578947368422,149.0,544.6338888888889,1024.3729577464787,306.76056338028167,2394.2454929577466,4446.354032258064,220.01328947368418,51.52709035,25.0,56,38
2021,2,9,sam,2021-02-27,88916.0,87799.92207792208,496.3296103896104,188.0,3818.0,6911.38961038961,63.29662337662338,135.0,15858.0,17063.7012987013,113.06662337662338,149.0,296.636301369863,707.6416438356164,104.83098591549296,1611.9123287671234,2872.9873015873027,165.56025974025977,51.52709035,26.0,57,37
2021,3,10,lun,2021-03-01,75989.0,102951.0,569.0,188.0,9023.0,9927.0,73.0,135.0,16454.0,19565.0,137.0,149.0,442.0,1096.0,229.0,2413.0,4179.61,239.38,24.6,,59,35
2021,3,10,mar,2021-03-02,100930.0,116950.0,642.0,188.0,9182.0,13965.0,103.0,135.0,15624.0,16763.0,118.0,149.0,568.0,779.0,200.0,1903.0,3542.6,254.1,24.6,1.0,60,34
2021,3,10,mer,2021-03-03,101204.0,116819.0,624.0,188.0,10159.0,13291.0,98.0,135.0,15289.0,15992.0,107.0,149.0,547.0,785.0,220.0,2697.0,4304.15,239.71,24.6,2.0,61,33
2021,3,10,jeu,2021-03-04,110092.0,122311.0,628.0,188.0,9032.0,11110.0,81.0,135.0,19098.0,21352.0,137.0,149.0,467.0,975.0,254.0,2041.0,3789.87,266.01,24.6,3.0,62,32
2021,3,10,ven,2021-03-05,99179.0,110901.0,641.0,188.0,9893.0,11062.0,83.0,135.0,22362.0,23978.0,140.0,149.0,503.0,1014.0,236.0,2639.0,4437.61,256.82,24.6,4.0,63,31
2021,3,10,sam,2021-03-06,76908.0,92357.0,526.0,188.0,5437.0,5066.0,46.0,135.0,13528.0,16250.0,90.0,149.0,244.0,660.0,29.0,1660.0,2629.5,125.94,24.6,5.0,64,30
2021,3,11,lun,2021-03-08,74168.0,96173.0,554.0,188.0,10957.0,13125.0,97.0,135.0,14800.0,18301.0,111.0,149.0,562.0,892.0,253.0,2215.0,3921.51,201.76,24.6,7.0,66,28
2021,3,11,mar,2021-03-09,98302.0,107906.0,619.0,188.0,11576.0,11574.0,78.0,135.0,13311.0,14952.0,103.0,149.0,491.0,686.0,202.0,1821.0,3299.7,220.48,24.6,8.0,67,27
2021,3,11,mer,2021-03-10,106498.0,105208.0,610.0,188.0,10253.0,11327.0,100.0,135.0,13643.0,14244.0,97.0,149.0,511.0,652.0,217.0,2499.0,3919.99,194.65,24.6,9.0,68,26
2021,3,11,jeu,2021-03-11,106870.0,106657.0,597.0,188.0,10698.0,9770.0,89.0,135.0,18656.0,21226.0,140.0,149.0,439.0,1021.0,235.0,1876.0,3646.29,226.22,24.6,10.0,69,25
2021,3,11,ven,2021-03-12,100080.0,94988.0,559.0,188.0,9894.0,9931.0,87.0,135.0,23251.0,24301.0,143.0,149.0,474.0,1059.0,223.0,2207.0,3760.6,212.47,24.6,11.0,70,24
2021,3,11,sam,2021-03-13,97409.0,76792.0,469.0,188.0,7250.0,4259.0,44.0,135.0,13893.0,17122.0,103.0,149.0,229.0,711.0,31.0,1394.0,2168.2,197.79,24.6,12.0,71,23
2021,3,12,lun,2021-03-15,109879.0,84675.0,522.0,188.0,13845.0,10735.0,80.0,135.0,18176.0,19402.0,122.0,149.0,481.0,1030.0,215.0,2107.0,3869.53,208.5,24.6,14.0,73,21
2021,3,12,mar,2021-03-16,118823.0,101790.0,527.0,188.0,11257.0,10386.0,76.0,135.0,15150.0,14864.0,100.0,149.0,454.0,659.0,216.0,1931.0,3311.23,215.7,24.6,15.0,74,20
2021,3,12,mer,2021-03-17,115528.0,101999.0,546.0,188.0,10770.0,12432.0,88.0,135.0,16641.0,15377.0,106.0,149.0,527.0,704.0,206.0,2672.0,4152.42,187.12,24.6,16.0,75,19
2021,3,12,jeu,2021-03-18,101727.0,112728.0,656.0,188.0,9315.0,11494.0,88.0,135.0,14081.0,21239.0,144.0,149.0,481.0,1087.0,225.0,1937.0,3773.4,221.32,24.6,17.0,76,18
2021,3,12,ven,2021-03-19,63385.0,103957.0,600.0,188.0,11027.0,10459.0,92.0,135.0,16086.0,25329.0,157.0,149.0,493.0,1022.0,222.0,2596.0,4374.76,206.49,24.6,18.0,77,17
2021,3,12,sam,2021-03-20,97993.0,82008.0,417.0,188.0,6104.0,6957.0,64.0,135.0,15440.0,17425.0,107.0,149.0,315.0,729.0,34.0,1493.0,2601.67,154.28,24.6,19.0,78,16
2021,3,13,lun,2021-03-22,91004.0,93056.0,544.0,188.0,10494.0,12943.0,94.0,135.0,17498.0,18753.0,120.0,149.0,578.0,894.0,213.0,2095.0,3779.47,187.43,24.6,21.0,80,14
2021,3,13,mar,2021-03-23,89622.0,112096.0,595.0,188.0,11595.0,11894.0,88.0,135.0,16102.0,16288.0,104.0,149.0,492.0,744.0,209.0,2032.0,3562.03,165.79,24.6,22.0,81,13
2021,3,13,mer,2021-03-24,98355.0,98048.0,558.0,188.0,10382.0,12926.0,100.0,135.0,16703.0,17098.0,103.0,149.0,520.0,705.0,214.0,2284.0,3761.1,175.79,24.6,23.0,82,12
2021,3,13,jeu,2021-03-25,119544.0,109505.0,621.0,188.0,13255.0,10670.0,103.0,135.0,19973.0,22189.0,140.0,149.0,449.0,939.0,231.0,1901.0,3561.48,168.7,24.6,24.0,83,11
2021,3,13,ven,2021-03-26,83208.0,99296.0,603.0,188.0,11364.0,10577.0,84.0,135.0,20770.0,28750.0,159.0,149.0,443.0,1061.0,224.0,2358.0,4130.26,210.09,24.6,25.0,84,10
2021,3,13,sam,2021-03-27,100623.0,87856.0,472.0,188.0,2986.0,5600.0,51.0,135.0,15271.0,17039.0,110.0,149.0,285.0,679.0,28.0,1484.0,2510.74,146.04,24.6,26.0,85,9
2021,3,14,lun,2021-03-29,81813.0,94602.0,529.0,188.0,11163.0,12388.0,103.5,135.0,13413.0,18231.0,116.0,149.0,562.0,704.0,233.0,2313.0,3812.08,223.43,24.6,,87,7
2021,3,14,mar,2021-03-30,97427.0,112210.0,625.0,188.0,10784.0,12002.0,97.6,135.0,14340.0,17178.0,104.0,149.0,524.0,736.0,213.0,1909.0,3470.46,205.22,24.6,1.0,88,6
2021,3,14,mer,2021-03-31,92965.0,112233.0,635.0,188.0,14231.0,13562.0,99.1,135.0,16729.0,20233.0,111.0,149.0,533.0,875.0,227.0,2696.0,4371.27,213.07,24.6,2.0,89,5
2021,4,14,jeu,2021-04-01,129936.0,126011.0,703.0,188.0,13170.0,14064.0,98.1,135.0,21347.0,27094.0,178.0,149.0,576.0,1110.0,264.0,2149.0,4140.85,201.26,24.6,3.0,90,4
2021,4,14,ven,2021-04-02,93324.0,125639.0,739.0,188.0,9780.0,13838.0,89.5,135.0,24207.0,33706.0,189.0,149.0,593.0,1131.0,231.0,2857.0,4848.06,219.91,24.6,4.0,91,3
2021,4,14,sam,2021-04-03,107637.0,101633.0,628.0,188.0,3699.0,9850.0,76.4,135.0,16565.0,20072.0,144.0,149.0,420.0,915.0,26.0,1791.0,3177.34,113.94,24.6,5.0,92,2
2021,4,15,mar,2021-04-06,99853.0,111766.0,615.0,188.0,13121.0,13024.0,91.0,135.0,18275.0,18879.0,123.0,149.0,517.0,1037.0,222.0,2636.0,4411.57,194.75,24.6,8.0,1,25
2021,4,15,mer,2021-04-07,107150.0,101785.0,555.0,188.0,14237.0,14357.0,106.0,135.0,18763.0,20468.0,130.0,149.0,581.0,866.0,206.0,1961.0,3615.42,215.92,24.6,9.0,2,24
2021,4,15,jeu,2021-04-08,116259.0,103882.0,546.0,188.0,14190.0,13737.0,107.0,135.0,26350.0,25079.0,163.0,149.0,549.0,1108.0,196.0,1948.0,3863.77,231.03,24.6,10.0,3,23
2021,4,15,ven,2021-04-09,137555.0,111923.0,635.0,188.0,12463.0,13784.0,111.0,135.0,30634.0,29977.0,158.0,149.0,590.0,1276.0,236.0,2620.0,4506.08,206.02,24.6,11.0,4,22
2021,4,15,sam,2021-04-10,92328.0,93357.0,562.0,188.0,5643.0,8788.0,77.0,135.0,18372.0,18876.0,132.0,149.0,374.0,781.0,28.0,1584.0,2391.98,133.97,24.6,12.0,5,21
2021,4,16,lun,2021-04-12,86446.0,100084.0,540.0,188.0,11999.0,11240.0,86.0,135.0,17818.0,19451.0,123.0,149.0,466.0,271.0,227.0,2369.0,3333.14,185.49,24.6,14.0,7,19
2021,4,16,mar,2021-04-13,137648.0,116508.0,612.0,188.0,12430.0,12851.0,111.0,135.0,16956.0,18285.0,122.0,149.0,540.0,155.0,211.0,1968.0,2977.52,223.16,24.6,15.0,8,18
2021,4,16,mer,2021-04-14,94515.0,110432.0,580.0,188.0,13173.0,12109.0,99.0,135.0,20195.0,19583.0,124.0,149.0,502.0,204.0,230.0,2485.0,3464.06,184.45,24.6,16.0,9,17
2021,4,16,jeu,2021-04-15,133024.0,116882.0,626.0,188.0,13507.0,12080.0,95.0,135.0,26690.0,23497.0,137.0,149.0,485.0,229.0,248.0,2048.0,3226.01,170.0,24.6,17.0,10,16
2021,4,16,ven,2021-04-16,109083.0,111215.0,571.0,188.0,14363.0,13200.0,113.0,135.0,27703.0,27838.0,148.0,149.0,561.0,205.0,235.0,2805.0,4001.72,198.28,24.6,18.0,11,15
2021,4,16,sam,2021-04-17,121437.0,79855.0,434.0,188.0,5323.0,8864.0,82.0,135.0,21011.0,20242.0,114.0,149.0,395.0,132.0,30.0,1330.0,2002.31,155.53,24.6,19.0,12,14
2021,4,17,lun,2021-04-19,94892.0,92197.0,475.0,188.0,13793.0,10732.0,99.0,135.0,15955.0,18375.0,133.0,149.0,510.0,889.0,222.0,2102.0,3729.76,188.97,24.6,21.0,14,12
2021,4,17,mar,2021-04-20,105980.0,104890.0,571.0,188.0,12339.0,12592.0,104.0,135.0,13028.0,16870.0,114.0,149.0,562.0,686.0,205.0,1748.0,3201.37,195.89,24.6,22.0,15,11
2021,4,17,mer,2021-04-21,105037.0,101179.0,548.0,188.0,10638.0,13926.0,114.0,135.0,17691.0,18284.0,123.0,149.0,614.0,816.0,208.0,2335.0,3971.94,215.26,24.6,23.0,16,10
2021,4,17,jeu,2021-04-22,120158.0,115961.0,579.0,188.0,10072.0,12366.0,107.0,135.0,21621.0,26885.0,173.0,149.0,564.0,1199.0,217.0,1943.0,3923.26,216.54,24.6,24.0,17,9
2021,4,17,ven,2021-04-23,85367.0,106902.0,592.0,188.0,9522.0,11160.0,90.0,135.0,26563.0,29417.0,173.0,149.0,494.0,1166.0,225.0,2544.0,4429.74,219.13,24.6,25.0,18,8
2021,4,17,sam,2021-04-24,103424.0,85437.0,431.0,188.0,6251.0,11834.0,93.0,135.0,21369.0,18628.0,113.0,149.0,499.0,772.0,31.0,1517.0,2818.81,173.85,24.6,26.0,19,7
2021,4,17,lun,2021-04-26,97659.0,97722.0,557.0,209.0,15759.0,15767.0,134.0,139.0,20745.0,21162.0,153.0,153.0,607.0,1099.0,218.0,2260.0,6316.0,428.0,51.52709035,,21,5
2021,4,17,mar,2021-04-27,129152.0,129235.0,686.0,209.0,17100.0,17105.0,124.0,139.0,18561.0,18850.0,127.0,153.0,626.0,884.0,214.0,2252.0,6514.0,404.0,51.52709035,1.0,22,4
2021,4,17,mer,2021-04-28,150376.0,150425.0,702.0,209.0,14633.0,14639.0,100.0,139.0,23677.0,24163.0,162.0,153.0,491.0,1218.0,228.0,3364.0,8009.0,402.0,51.52709035,2.0,23,3
2021,4,17,jeu,2021-04-29,124432.0,124615.0,657.0,209.0,17023.0,17024.0,120.0,139.0,30583.0,31076.0,163.0,153.0,616.0,1332.0,233.0,2296.0,6839.0,392.0,51.52709035,3.0,24,2
2021,4,17,ven,2021-04-30,112752.0,112824.0,642.0,209.0,11793.0,11796.0,87.0,139.0,15759.0,15830.0,109.0,153.0,435.0,632.0,26.0,2499.0,5487.0,379.0,51.52709035,4.0,25,1
2021,5,18,lun,2021-05-03,103761.0,103802.0,664.0,209.0,12507.0,12514.0,88.0,139.0,23396.0,23802.0,166.0,153.0,505.0,1253.0,216.0,1786.0,5917.0,489.0,51.52709035,7.0,2,5
2021,5,18,mar,2021-05-04,104359.0,104416.0,624.0,209.0,16410.0,16411.0,123.0,139.0,21201.0,21345.0,144.0,153.0,575.0,895.0,215.0,2185.0,6129.0,423.0,51.52709035,8.0,3,4
2021,5,18,mer,2021-05-05,128665.0,128825.0,705.0,209.0,15632.0,15641.0,132.0,139.0,23858.0,24118.0,170.0,153.0,570.0,1089.0,229.0,3059.0,7585.0,392.0,51.52709035,9.0,4,3
2021,5,18,jeu,2021-05-06,126206.0,126259.0,720.0,209.0,11935.0,11937.0,108.0,139.0,36484.0,36883.0,206.0,153.0,443.0,1503.0,270.0,2221.0,6729.0,297.0,51.52709035,10.0,5,2
2021,5,18,ven,2021-05-07,122018.0,122079.0,497.0,209.0,14969.0,14974.0,120.0,139.0,19882.0,19973.0,79.0,153.0,608.0,780.0,30.0,2591.0,6359.0,134.0,51.52709035,11.0,6,1
2021,5,19,lun,2021-05-10,121840.0,121856.0,661.0,209.0,16580.0,16581.0,121.0,139.0,21098.0,21356.0,140.0,153.0,578.0,981.0,263.0,2024.0,5999.0,520.0,51.52709035,14.0,2,3
2021,5,19,mar,2021-05-11,110264.0,110342.0,599.0,209.0,14167.0,14172.0,112.0,139.0,26389.0,26553.0,158.0,153.0,540.0,1031.0,238.0,2530.0,7340.0,495.0,51.52709035,15.0,3,2
2021,5,19,mer,2021-05-12,123146.0,123263.0,609.0,209.0,14528.0,14532.0,114.0,139.0,25715.0,25904.0,158.0,153.0,577.0,1064.0,222.0,2203.0,6441.0,405.0,51.52709035,16.0,4,1
2021,5,19,ven,2021-05-14,117416.0,117495.0,631.0,209.0,13207.0,13207.0,123.0,139.0,29775.0,30068.0,183.0,153.0,485.0,1188.0,209.0,2016.0,6993.0,397.0,51.52709035,18.0,1,10
2021,5,19,sam,2021-05-15,72414.0,72430.0,438.0,209.0,8926.0,8930.0,107.0,139.0,22059.0,22205.0,164.0,153.0,384.0,888.0,28.0,1629.0,3124.0,297.0,51.52709035,19.0,2,9
2021,5,20,lun,2021-05-17,83705.0,83793.0,469.0,209.0,14009.0,14009.0,105.0,139.0,18230.0,18476.0,135.0,153.0,531.0,886.0,214.0,2065.0,6072.0,455.0,51.52709035,21.0,4,7
2021,5,20,mar,2021-05-18,111311.0,111329.0,588.0,209.0,13745.0,13745.0,104.0,139.0,16501.0,16736.0,120.0,153.0,535.0,754.0,205.0,1768.0,5354.0,404.0,51.52709035,22.0,5,6
2021,5,20,mer,2021-05-19,89280.0,89319.0,543.0,209.0,13183.0,13197.0,96.0,139.0,17278.0,17429.0,117.0,153.0,534.0,734.0,215.0,2077.0,5534.0,367.0,51.52709035,23.0,6,5
2021,5,20,jeu,2021-05-20,127073.0,127176.0,630.0,209.0,11451.0,11465.0,86.0,139.0,23355.0,23875.0,146.0,153.0,443.0,1134.0,219.0,2104.0,5411.0,385.0,51.52709035,24.0,7,4
2021,5,20,ven,2021-05-21,121601.0,121703.0,679.0,209.0,11259.0,11269.0,82.0,139.0,28304.0,28482.0,171.0,153.0,440.0,1092.0,224.0,2743.0,6981.0,412.0,51.52709035,25.0,8,3
2021,5,20,sam,2021-05-22,106397.0,106411.0,592.0,209.0,12925.0,12932.0,108.0,139.0,17797.0,17897.0,125.0,153.0,542.0,728.0,26.0,1902.0,4423.0,325.0,51.52709035,26.0,9,2
2021,5,21,mar,2021-05-25,96224.0,96256.0,586.0,209.0,14142.0,14145.0,40.0,139.0,19487.0,19747.0,141.0,153.0,556.0,919.0,222.0,2268.0,6470.0,258.0,51.52709035,29.0,1,50
2021,5,21,mer,2021-05-26,77198.0,77239.0,449.0,209.0,12875.0,12895.0,131.0,139.0,19479.0,19848.0,142.0,153.0,564.0,876.0,222.0,1437.0,5198.0,464.0,51.52709035,30.0,2,49
2021,5,21,jeu,2021-05-27,95520.0,95549.0,554.0,209.0,14423.0,14428.0,119.0,139.0,25114.0,25623.0,164.0,153.0,579.0,1058.0,229.0,1639.0,5238.0,480.0,51.52709035,31.0,3,48
2021,5,21,ven,2021-05-28,107064.0,107123.0,574.0,209.0,13537.0,13541.0,120.0,139.0,28472.0,28815.0,175.0,153.0,517.0,1163.0,214.0,2455.0,6651.0,450.0,51.52709035,32.0,4,47
2021,5,21,sam,2021-05-29,80465.0,80496.0,482.0,209.0,8590.0,8591.0,121.0,139.0,18519.0,18605.0,140.0,153.0,341.0,714.0,30.0,1386.0,3179.0,423.0,51.52709035,33.0,5,46
2021,5,22,lun,2021-05-31,86237.0,86248.0,529.0,209.0,13682.0,13690.0,109.0,139.0,,18992.0,122.0,153.0,514.0,872.0,223.0,1934.0,5752.0,374.0,51.52709035,,7,44
2021,6,22,mar,2021-06-01,89874.0,89881.0,516.0,209.0,14618.0,14623.0,111.0,139.0,,16014.0,112.0,153.0,539.0,656.0,199.0,1546.0,5254.0,405.0,51.52709035,1.0,8,43
2021,6,22,mer,2021-06-02,99459.0,99593.0,620.0,209.0,15715.0,15721.0,125.0,139.0,,16848.0,109.0,153.0,557.0,750.0,213.0,2343.0,6281.0,366.0,51.52709035,2.0,9,42
2021,6,22,jeu,2021-06-03,128882.0,128967.0,609.0,209.0,14109.0,14114.0,118.0,139.0,,22201.0,149.0,153.0,521.0,1043.0,205.0,2170.0,5865.0,374.0,51.52709035,3.0,10,41
2021,6,22,ven,2021-06-04,107775.0,107865.0,603.0,209.0,14913.0,14922.0,121.0,139.0,,26765.0,147.0,153.0,570.0,1023.0,231.0,2530.0,7138.0,414.0,51.52709035,4.0,11,40
2021,6,22,sam,2021-06-05,79555.0,79573.0,401.0,209.0,9085.0,9089.0,79.0,139.0,,18505.0,112.0,153.0,361.0,758.0,30.0,1368.0,3123.0,252.0,51.52709035,5.0,12,39
2021,6,23,lun,2021-06-07,91336.0,91358.0,528.0,209.0,14921.0,14929.0,125.0,139.0,,20020.0,119.0,153.0,575.0,1026.0,186.0,2041.0,6280.0,396.0,51.52709035,7.0,14,37
2021,6,23,mar,2021-06-08,106563.0,106633.0,605.0,209.0,13459.0,13462.0,109.0,139.0,,17681.0,122.0,153.0,531.0,710.0,199.0,1123.0,4732.0,463.0,51.52709035,8.0,15,36
2021,6,23,mer,2021-06-09,114988.0,115079.0,677.0,209.0,10896.0,10905.0,123.0,139.0,,17313.0,112.0,153.0,469.0,731.0,214.0,2564.0,6158.0,406.0,51.52709035,9.0,16,35
2021,6,23,jeu,2021-06-10,106931.0,107100.0,573.0,209.0,14249.0,14256.0,116.0,139.0,,23041.0,146.0,153.0,630.0,982.0,219.0,876.0,5007.0,421.0,51.52709035,10.0,17,34
2021,6,23,ven,2021-06-11,110525.0,110525.0,666.0,209.0,13163.0,13171.0,102.0,139.0,,29525.0,157.0,153.0,544.0,1097.0,264.0,2653.0,7424.0,462.0,51.52709035,11.0,18,33
2021,6,23,sam,2021-06-12,86525.0,86641.0,500.0,209.0,10750.0,10750.0,90.0,139.0,,17677.0,112.0,153.0,450.0,714.0,104.83098591549296,996.0,3341.0,216.0,51.52709035,12.0,19,32
2021,6,24,lun,2021-06-14,84955.0,85000.0,469.0,209.0,14072.0,14075.0,116.0,139.0,,18574.0,121.0,153.0,584.0,779.0,241.0,1961.0,5747.0,394.0,51.52709035,14.0,21,30
2021,6,24,mar,2021-06-15,97318.0,97351.0,535.0,209.0,16365.0,16370.0,136.0,139.0,,18949.0,126.0,153.0,626.0,898.0,264.0,1656.0,5824.0,439.0,51.52709035,15.0,22,29
2021,6,24,mer,2021-06-16,92071.0,92110.0,525.0,209.0,17112.0,17117.0,136.0,139.0,,19968.0,120.0,153.0,623.0,753.0,210.0,2081.0,5928.0,410.0,51.52709035,16.0,23,28
2021,6,24,jeu,2021-06-17,102148.0,102284.0,548.0,209.0,14046.0,14046.0,135.0,139.0,,24481.0,156.0,153.0,506.0,1030.0,209.0,1927.0,5754.0,430.0,51.52709035,17.0,24,27
2021,6,24,ven,2021-06-18,97902.0,97963.0,564.0,209.0,13202.0,13206.0,123.0,139.0,,27065.0,178.0,153.0,478.0,1077.0,219.0,2312.0,7186.0,296.0,51.52709035,18.0,25,26
2021,6,24,sam,2021-06-19,70121.0,70230.0,418.0,209.0,8348.0,8351.0,72.0,139.0,,17580.0,122.0,153.0,283.0,689.0,30.0,1352.0,3127.0,139.0,51.52709035,19.0,26,25
2021,6,25,lun,2021-06-21,83842.0,83869.0,443.0,209.0,16181.0,16184.0,135.0,139.0,,21425.0,149.0,153.0,542.0,1022.0,279.0,1878.0,5993.0,374.0,51.52709035,21.0,28,23
2021,6,25,mar,2021-06-22,99117.0,99148.0,544.0,209.0,13136.0,13136.0,123.0,139.0,,18165.0,121.0,153.0,508.0,675.0,206.0,1662.0,5779.0,436.0,51.52709035,22.0,29,22
2021,6,25,mer,2021-06-23,92263.0,92403.0,561.0,209.0,14415.0,14424.0,128.0,139.0,,18600.0,133.0,153.0,556.0,715.0,204.0,2194.0,5622.0,446.0,51.52709035,23.0,30,21
2021,6,25,jeu,2021-06-24,107096.0,107114.0,599.0,209.0,14199.0,14202.0,135.0,139.0,,24784.0,153.0,153.0,560.0,946.0,237.0,1770.0,5598.0,417.0,51.52709035,24.0,31,20
2021,6,25,ven,2021-06-25,94460.0,94578.0,525.0,209.0,12453.0,12456.0,110.0,139.0,,28465.0,177.0,153.0,476.0,994.0,218.0,2239.0,6579.0,385.0,51.52709035,25.0,32,19
2021,6,25,sam,2021-06-26,69967.0,69978.0,376.0,209.0,7864.0,7867.0,68.0,139.0,,16361.0,105.0,153.0,308.0,653.0,30.0,1221.0,3032.0,266.0,51.52709035,26.0,33,18
2021,6,26,lun,2021-06-28,78649.0,89978.0,528.0,209.0,16185.0,16186.0,139.0,136.0,19190.0,17128.0,115.0,153.0,589.0,787.0,225.0,2140.0,3903.302857142857,250.0,51.52709035,,35,16
2021,6,26,mar,2021-06-29,89554.0,91216.0,528.0,209.0,10516.0,10519.0,104.0,136.0,16765.0,16191.0,112.0,153.0,422.0,742.0,197.0,1516.0,3892.8101492537317,255.0,51.52709035,1.0,36,15
2021,6,26,mer,2021-06-30,92281.0,93415.0,570.0,209.0,15310.0,15314.0,127.0,136.0,16773.0,17718.0,119.0,153.0,560.0,740.0,212.0,2167.0,4349.319402985075,246.0,51.52709035,2.0,37,14
2021,6,26,jeu,2021-07-01,117793.0,111111.0,573.0,209.0,14624.0,14630.0,111.0,131.0,22153.0,22972.0,161.0,147.0,536.0,998.0,226.0,1799.0,4097.891230769232,235.0,51.52709035,3.0,38,13
2021,6,26,ven,2021-07-02,100717.0,107398.0,586.0,209.0,11216.0,11223.0,98.0,131.0,22889.0,26513.0,161.0,147.0,431.0,1066.0,201.0,2496.0,4446.354032258064,234.0,51.52709035,4.0,39,12
2021,6,26,sam,2021-07-03,69844.0,79292.0,441.0,209.0,4425.0,4426.0,40.0,131.0,10454.0,17360.0,112.0,147.0,165.0,718.0,26.0,1325.0,2872.9873015873027,125.0,51.52709035,5.0,40,11
2021,7,27,lun,2021-07-05,79969.0,89182.0,465.0,209.0,14340.0,14348.0,120.0,131.0,17967.0,17538.0,120.0,147.0,577.0,938.0,202.0,2022.0,3903.302857142857,231.0,51.52709035,7.0,42,9
2021,7,27,mar,2021-07-06,98446.0,102490.0,488.0,209.0,13175.0,13175.0,105.0,131.0,17190.0,16854.0,108.0,147.0,547.0,701.0,204.0,1740.0,3892.8101492537317,242.0,51.52709035,8.0,43,8
2021,7,27,mer,2021-07-07,104814.0,97399.0,542.0,209.0,13638.0,13644.0,112.0,131.0,17641.0,16445.0,115.0,147.0,540.0,731.0,234.0,2256.0,4349.319402985075,239.0,51.52709035,9.0,44,7
2021,7,27,jeu,2021-07-08,110920.0,110968.0,592.0,209.0,15229.0,15232.0,110.0,131.0,23791.0,21682.0,152.0,147.0,580.0,1131.0,211.0,1821.0,4097.891230769232,211.0,51.52709035,10.0,45,6
2021,7,27,ven,2021-07-09,108238.0,105971.0,600.0,209.0,13282.0,13286.0,103.0,131.0,25378.0,24357.0,169.0,147.0,508.0,1128.0,216.0,2430.0,4446.354032258064,266.0,51.52709035,11.0,46,5
2021,7,27,sam,2021-07-10,88006.0,100198.0,536.0,209.0,12243.0,12249.0,93.0,131.0,21643.0,16434.0,106.0,147.0,464.0,734.0,30.0,1662.0,2872.9873015873027,198.0,51.52709035,12.0,47,4
2021,7,28,lun,2021-07-12,91420.0,112533.0,632.0,209.0,14297.0,14309.0,114.0,131.0,18277.0,23510.0,147.0,147.0,566.0,1045.0,227.0,2469.0,3903.302857142857,265.0,51.52709035,14.0,49,2
2021,7,28,mar,2021-07-13,98939.0,103495.0,602.0,209.0,11081.0,11085.0,106.0,131.0,17409.0,21383.0,137.0,147.0,470.0,937.0,214.0,2158.0,3892.8101492537317,234.0,51.52709035,15.0,50,1
2021,7,28,jeu,2021-07-15,102915.0,89538.0,523.0,209.0,12103.0,12105.0,99.0,131.0,22899.0,23841.0,155.0,147.0,502.0,1144.0,224.0,2092.0,4097.891230769232,311.0,51.52709035,17.0,1,31
2021,7,28,ven,2021-07-16,98401.0,103488.0,578.0,209.0,11303.0,11307.0,108.0,131.0,27046.0,26647.0,161.0,147.0,480.0,1156.0,219.0,1910.0,4446.354032258064,253.0,51.52709035,18.0,2,30
2021,7,28,sam,2021-07-17,87630.0,75732.0,466.0,209.0,7355.0,7361.0,76.0,131.0,19026.0,17537.0,116.0,147.0,343.0,759.0,23.0,1332.0,2872.9873015873027,148.0,51.52709035,19.0,3,29
2021,7,29,lun,2021-07-19,85040.0,91343.0,519.0,209.0,13592.0,13602.0,115.0,131.0,18193.0,17111.0,118.0,147.0,569.0,871.0,221.0,2106.0,3903.302857142857,198.0,51.52709035,21.0,5,27
2021,7,29,mar,2021-07-20,94781.0,96592.0,508.0,209.0,10801.0,10808.0,98.0,131.0,17490.0,19127.0,120.0,147.0,494.0,769.0,193.0,1612.0,3892.8101492537317,217.0,51.52709035,22.0,6,26
2021,7,29,mer,2021-07-21,100970.0,93299.0,545.0,209.0,10913.0,10924.0,103.0,131.0,19199.0,17537.0,115.0,147.0,428.0,763.0,201.0,2109.0,4349.319402985075,212.0,51.52709035,23.0,7,25
2021,7,29,jeu,2021-07-22,115767.0,106071.0,565.0,209.0,12290.0,12293.0,106.0,131.0,22260.0,21304.0,141.0,147.0,484.0,966.0,216.0,1815.0,4097.891230769232,200.0,51.52709035,24.0,8,24
2021,7,29,ven,2021-07-23,99106.0,101634.0,575.0,209.0,13747.0,13760.0,116.0,131.0,26567.0,25018.0,156.0,147.0,524.0,988.0,200.0,2333.0,4446.354032258064,216.0,51.52709035,25.0,9,23
2021,7,29,sam,2021-07-24,81490.0,74235.0,400.0,209.0,7269.0,7271.0,53.0,131.0,17472.0,16471.0,113.0,147.0,294.0,711.0,28.0,1312.0,2872.9873015873027,160.0,51.52709035,26.0,10,22
2021,7,30,lun,2021-07-26,71388.0,80729.0,424.0,209.0,13882.0,13890.0,136.0,131.0,18557.0,15999.0,121.0,147.0,559.0,902.0,244.0,1784.0,3903.302857142857,213.0,51.52709035,28.0,12,20
2021,7,30,mar,2021-07-27,98502.0,88741.0,453.0,209.0,15705.0,15706.0,130.0,131.0,18128.0,17975.0,126.0,147.0,565.0,779.0,215.0,1506.0,3892.8101492537317,210.0,51.52709035,29.0,13,19
2021,7,30,mer,2021-07-28,102746.0,87069.0,509.0,209.0,15265.0,15279.0,131.0,131.0,19139.0,18036.0,116.0,147.0,567.0,814.0,213.0,2049.0,4349.319402985075,230.0,51.52709035,30.0,14,18
2021,7,30,jeu,2021-07-29,109452.0,95260.0,492.0,209.0,14518.0,14519.0,130.0,131.0,24319.0,21700.0,147.0,147.0,530.0,1031.0,197.0,1619.0,4097.891230769232,210.0,51.52709035,31.0,15,17
2021,7,30,ven,2021-07-30,100265.0,95151.0,520.0,209.0,13210.0,13223.0,113.0,131.0,25513.0,21834.0,145.0,147.0,565.0,983.0,205.0,2267.0,4446.354032258064,210.0,51.52709035,32.0,16,16
2021,7,30,sam,2021-07-31,86448.0,74358.0,394.0,209.0,6264.0,6267.0,56.0,131.0,17517.0,16429.0,111.0,147.0,262.0,750.0,28.0,1306.0,2872.9873015873027,168.0,51.52709035,33.0,17,15
2021,8,26,lun,2021-08-02,89419.0,76679.0,380.0,187.0,11336.0,12004.0,97.0,132.0,17967.0,15515.0,101.0,147.0,463.0,761.0,193.0,1771.0,3903.302857142857,202.0,51.52709035,,19,13
2021,8,26,mar,2021-08-03,101045.0,88418.0,464.0,187.0,14992.0,13265.0,105.0,132.0,17190.0,15827.0,102.0,147.0,540.0,675.0,204.0,1546.0,3892.8101492537317,239.0,51.52709035,1.0,20,12
2021,8,26,mer,2021-08-04,105097.0,90367.0,491.0,187.0,16306.0,12868.0,102.0,132.0,17641.0,15969.0,101.0,147.0,513.0,771.0,187.0,2132.0,4349.319402985075,239.0,51.52709035,2.0,21,11
2021,6,26,jeu,2021-08-05,117323.0,106767.0,567.0,187.0,14971.0,13033.0,89.0,132.0,23791.0,22182.0,126.0,147.0,524.0,892.0,205.0,1781.0,4097.891230769232,240.0,51.52709035,3.0,22,10
2021,6,26,ven,2021-08-06,106658.0,101849.0,558.0,187.0,16300.0,12036.0,97.0,132.0,25378.0,23996.0,132.0,147.0,477.0,892.0,211.0,2333.0,4446.354032258064,156.0,51.52709035,4.0,23,9
2021,6,26,sam,2021-08-07,86954.0,78925.0,413.0,187.0,6497.0,5730.0,47.0,132.0,21643.0,15958.0,107.0,147.0,242.0,640.0,25.0,1366.0,2872.9873015873027,92.0,51.52709035,5.0,24,8
2021,8,27,lun,2021-08-09,78475.0,85406.0,481.0,187.0,14685.0,13717.0,110.0,132.0,18277.0,16129.0,113.0,147.0,548.0,866.0,206.0,1971.0,3903.302857142857,173.0,51.52709035,7.0,26,6
2021,8,27,mar,2021-08-10,108001.0,86785.0,452.0,187.0,13459.0,12841.0,116.0,132.0,17409.0,18480.0,117.0,147.0,533.0,748.0,197.0,1459.0,3892.8101492537317,180.0,51.52709035,8.0,27,5
2021,8,27,mer,2021-08-11,127517.0,85335.0,443.0,187.0,13387.0,13750.0,106.0,132.0,19805.0,18770.0,117.0,147.0,513.0,811.0,198.0,1955.0,4349.319402985075,184.0,51.52709035,9.0,28,4
2021,8,27,jeu,2021-08-12,134218.0,103878.0,545.0,187.0,14874.0,13138.0,103.0,132.0,22899.0,22586.0,127.0,147.0,502.0,992.0,219.0,1772.0,4097.891230769232,133.0,51.52709035,10.0,29,3
2021,8,27,ven,2021-08-13,99277.0,105872.0,568.0,187.0,15257.0,13805.0,104.0,132.0,27046.0,25111.0,147.0,147.0,543.0,1023.0,207.0,2462.0,4446.354032258064,99.0,51.52709035,11.0,30,2
2021,8,27,sam,2021-08-14,35291.0,78858.0,420.0,187.0,7227.0,6331.0,41.0,132.0,19026.0,18265.0,111.0,147.0,281.0,705.0,28.0,1386.0,2872.9873015873027,91.0,51.52709035,12.0,31,1
2021,8,28,lun,2021-08-16,97218.0,87856.0,471.0,187.0,13548.0,10493.0,91.0,132.0,18193.0,20120.0,126.0,147.0,457.0,996.0,201.0,2072.0,3903.302857142857,219.0,51.52709035,14.0,1,77
2021,8,28,mar,2021-08-17,102841.0,91497.0,507.0,187.0,13835.0,8230.0,76.0,132.0,17490.0,21199.0,124.0,147.0,350.0,772.0,204.0,1608.0,3892.8101492537317,178.0,51.52709035,15.0,2,76
2021,8,28,mer,2021-08-18,100673.0,85650.0,480.0,187.0,15093.0,13616.0,127.0,132.0,19199.0,20263.0,128.0,147.0,564.0,767.0,220.0,2033.0,4349.319402985075,221.0,51.52709035,16.0,3,75
2021,8,28,jeu,2021-08-19,103559.0,101497.0,558.0,187.0,14394.0,13800.0,123.0,132.0,22260.0,25338.0,148.0,147.0,571.0,969.0,216.0,1685.0,4097.891230769232,218.0,51.52709035,17.0,4,74
2021,8,28,ven,2021-08-20,107523.0,100948.0,592.0,187.0,14084.0,11630.0,85.0,132.0,26567.0,26688.0,160.0,147.0,460.0,1076.0,249.0,2307.0,4446.354032258064,202.0,51.52709035,18.0,5,73
2021,8,28,sam,2021-08-21,84987.0,94751.0,403.0,187.0,8560.0,6161.0,49.0,132.0,17472.0,17391.0,102.0,147.0,276.0,670.0,26.0,1602.0,2872.9873015873027,159.0,51.52709035,19.0,6,72
2021,8,29,lun,2021-08-23,78997.0,84803.0,426.0,187.0,14919.0,13427.0,109.0,132.0,18557.0,17922.0,126.0,147.0,588.0,809.0,216.0,1860.0,3903.302857142857,190.0,51.52709035,21.0,8,70
2021,8,29,mar,2021-08-24,98911.0,89789.0,486.0,187.0,14051.0,14194.0,119.0,132.0,18128.0,18194.0,117.0,147.0,585.0,763.0,211.0,1633.0,3892.8101492537317,232.0,51.52709035,22.0,9,69
2021,8,29,mer,2021-08-25,102039.0,90800.0,502.0,187.0,13882.0,11790.0,101.0,132.0,19139.0,17189.0,123.0,147.0,467.0,685.0,211.0,2035.0,4349.319402985075,217.0,51.52709035,23.0,10,68
2021,8,29,jeu,2021-08-26,119860.0,112957.0,552.0,187.0,15494.0,13578.0,122.0,132.0,24319.0,20819.0,143.0,147.0,533.0,978.0,222.0,1850.0,4097.891230769232,173.0,51.52709035,24.0,11,67
2021,8,29,ven,2021-08-27,97467.0,108178.0,530.0,187.0,14008.0,11829.0,130.0,132.0,25513.0,23960.0,162.0,147.0,496.0,1023.0,214.0,2562.0,4446.354032258064,218.0,51.52709035,25.0,12,66
2021,8,29,sam,2021-08-28,84067.0,86545.0,481.0,187.0,6838.0,5501.0,53.0,132.0,17517.0,16659.0,112.0,147.0,229.0,663.0,31.0,1512.0,2872.9873015873027,173.0,51.52709035,26.0,13,65
2021,8,26,lun,2021-08-30,89419.0,93306.0,472.0,187.0,11336.0,12123.0,101.0,132.0,17967.0,15739.0,124.0,147.0,519.0,953.0,216.0,2051.0,3903.302857142857,210.0,51.52709035,,15,63
2021,8,26,mar,2021-08-31,101045.0,91606.0,502.0,187.0,14992.0,11695.0,124.0,132.0,17190.0,15909.0,110.0,147.0,559.0,649.0,207.0,1565.0,3892.8101492537317,200.0,51.52709035,1.0,16,62
2021,9,26,mer,2021-09-01,110634.0,93182.0,479.0,187.0,12762.0,12656.0,121.0,132.0,16611.0,17146.0,111.0,147.0,565.0,780.0,202.0,2170.0,4349.319402985075,196.0,51.52709035,2.0,17,61
2021,6,26,jeu,2021-09-02,115240.0,104918.0,518.0,187.0,14370.0,13819.0,123.0,132.0,21472.0,21247.0,133.0,147.0,511.0,917.0,212.0,1778.0,4097.891230769232,200.0,51.52709035,3.0,18,60
2021,6,26,ven,2021-09-03,105202.0,109553.0,540.0,187.0,13214.0,13266.0,110.0,132.0,23924.0,23925.0,162.0,147.0,483.0,991.0,221.0,2522.0,4446.354032258064,191.0,51.52709035,4.0,19,59
2021,6,26,sam,2021-09-04,83595.0,86715.0,443.0,187.0,4911.0,4421.0,48.0,132.0,14312.0,16545.0,114.0,147.0,183.0,669.0,30.0,1455.0,2872.9873015873027,163.0,51.52709035,5.0,20,58
2021,9,27,lun,2021-09-06,76047.0,88583.0,445.0,187.0,12749.0,12013.0,101.0,132.0,18422.0,17074.0,105.0,147.0,502.0,755.0,215.0,2068.0,3903.302857142857,212.0,51.52709035,7.0,22,56
2021,9,27,mar,2021-09-07,102770.0,104410.0,483.0,187.0,14136.0,13188.0,126.0,132.0,15671.0,15684.0,100.0,147.0,551.0,658.0,200.0,1737.0,3892.8101492537317,213.0,51.52709035,8.0,23,55
2021,9,27,mer,2021-09-08,96417.0,94561.0,484.0,187.0,12838.0,12916.0,108.0,132.0,16467.0,15615.0,90.0,147.0,525.0,626.0,221.0,2221.0,4349.319402985075,220.0,51.52709035,9.0,24,54
2021,9,27,jeu,2021-09-09,114833.0,102498.0,486.0,187.0,13083.0,12990.0,103.0,132.0,21740.0,18894.0,131.0,147.0,530.0,865.0,217.0,1716.0,4097.891230769232,222.0,51.52709035,10.0,25,53
2021,9,27,ven,2021-09-10,94831.0,94317.0,493.0,187.0,10913.0,10306.0,91.0,132.0,24309.0,21400.0,129.0,147.0,456.0,935.0,220.0,2332.0,4446.354032258064,219.0,51.52709035,11.0,26,52
2021,9,27,sam,2021-09-11,79357.0,82003.0,405.0,187.0,6294.0,3550.0,36.0,132.0,13952.0,15459.0,104.0,147.0,162.0,606.0,26.0,1462.0,2872.9873015873027,193.0,51.52709035,12.0,27,51
2021,9,28,lun,2021-09-13,88999.0,100087.0,546.0,187.0,13342.0,11222.0,94.0,132.0,17006.0,16036.0,104.0,147.0,485.0,790.0,218.0,2195.0,3903.302857142857,188.0,51.52709035,14.0,29,49
2021,9,28,mar,2021-09-14,100744.0,98248.0,525.0,187.0,13962.0,11421.0,98.0,132.0,16580.0,14831.0,91.0,147.0,490.0,634.0,195.0,1717.0,3892.8101492537317,163.0,51.52709035,15.0,30,48
2021,9,28,mer,2021-09-15,96044.0,98016.0,501.0,187.0,13604.0,11351.0,94.0,132.0,16450.0,14694.0,98.0,147.0,501.0,675.0,208.0,2205.0,4349.319402985075,152.0,51.52709035,16.0,31,47
2021,9,28,jeu,2021-09-16,101776.0,104865.0,568.0,187.0,10722.0,10985.0,102.0,132.0,17820.0,18165.0,116.0,147.0,502.0,782.0,216.0,1757.0,4097.891230769232,149.0,51.52709035,17.0,32,46
2021,9,28,ven,2021-09-17,96925.0,98168.0,548.0,187.0,11800.0,10865.0,101.0,132.0,24523.0,21167.0,132.0,147.0,504.0,886.0,212.0,2233.0,4446.354032258064,149.0,51.52709035,18.0,33,45
2021,9,28,sam,2021-09-18,81955.0,74989.0,419.0,187.0,3757.0,4426.0,49.0,132.0,16713.0,14547.0,110.0,147.0,204.0,578.0,31.0,1263.0,2872.9873015873027,133.0,51.52709035,19.0,34,44
2021,9,29,lun,2021-09-20,80917.0,82349.0,447.0,187.0,11961.0,11244.0,107.0,132.0,16468.0,15299.0,96.0,147.0,532.0,1004.0,245.0,1915.0,3903.302857142857,172.0,51.52709035,21.0,36,42
2021,9,29,mar,2021-09-21,108999.0,94549.0,512.0,187.0,12030.0,8707.0,79.0,132.0,14869.0,14653.0,90.0,147.0,409.0,752.0,202.0,1593.0,3892.8101492537317,164.0,51.52709035,22.0,37,41
2021,9,29,mer,2021-09-22,89353.0,96674.0,535.0,187.0,14606.0,12809.0,106.0,132.0,15313.0,13472.0,83.0,147.0,536.0,816.0,202.0,2242.0,4349.319402985075,165.0,51.52709035,23.0,38,40
2021,9,29,jeu,2021-09-23,113361.0,105887.0,538.0,187.0,12306.0,10436.0,101.0,132.0,20493.0,19191.0,123.0,147.0,445.0,1076.0,215.0,1766.0,4097.891230769232,163.0,51.52709035,24.0,39,39
2021,9,29,ven,2021-09-24,91523.0,100199.0,514.0,187.0,11238.0,8999.0,97.0,132.0,23876.0,20901.0,145.0,147.0,413.0,981.0,221.0,2351.0,4446.354032258064,171.0,51.52709035,25.0,40,38
2021,9,29,sam,2021-09-25,84143.0,76520.0,390.0,187.0,5530.0,3129.0,27.0,132.0,15910.0,15238.0,105.0,147.0,149.0,631.0,104.83098591549296,1296.0,2872.9873015873027,129.0,51.52709035,26.0,41,37
2021,9,30,lun,2021-09-27,80624.0,79499.0,452.0,187.0,11172.0,11108.0,83.0,132.0,15815.0,16709.0,119.0,147.0,485.0,983.0,208.0,1801.0,3903.302857142857,170.0,51.52709035,28.0,43,35
2021,9,30,mar,2021-09-28,112498.0,91703.0,516.0,187.0,12610.0,10560.0,105.0,132.0,15634.0,14889.0,101.0,147.0,492.0,693.0,197.0,1542.0,3892.8101492537317,171.0,51.52709035,29.0,44,34
2021,9,30,mer,2021-09-29,94665.0,92516.0,504.0,188.0,11452.0,11606.0,102.0,139.0,16786.0,14703.0,102.0,151.0,516.0,685.0,197.0,2109.0,4349.319402985075,171.0,51.52709035,30.0,45,33
2021,9,30,jeu,2021-09-30,112024.0,99572.0,526.0,188.0,12086.0,9813.0,92.0,139.0,22384.0,19532.0,144.0,151.0,446.0,946.0,209.0,1636.0,4097.891230769232,163.0,51.52709035,31.0,46,32
